ROW_MARKER|CARD_NUMBER|ENROLLMENT_DATE|BIRTH_DATE|T_C_ACCEPTED_DATE|STATUS|REGION|COUNTRY_CODE|CITY|POSTCODE|SEATING_PREF1|SEATING_PREF2|BUSINES_FREQ|PLEASURE_FREQ|SMB_OWN|CC_AGREEMENT|EMAIL_AGREEMENT|POST_AGREEMENT|SMS_AGREEMENT|FAV1_AIRPORT|FAV2_AIRPORT|HOME_AIRPORT|GENDER|FIRST_NAME|MIDDLE_NAME|LAST_NAME|EMAIL
U|wariot0|2014-06-08 09:04:13|2016-02-13 00:00:00|2014-06-08 00:00:00|A|BB-01|BRB|westpalmbeach|0|westpalmbeach|westpalmbeach|westpalmbeach|westpalmbeach|Unknown|N|N|N||JFK||BGI|F|westpalmbeach|westpalmbeach|westpalmbeach|westpalmbeach@HOTMAIL.COM|25167|2014-05-09 00:00:00|2015-03-01 00:00:00|||2014-03-16 00:00:00||F|W|B6||MR||60 Simmons Road|cancun||2417373|M|||||||en-us|ENG||F||||||||0
U|wariot1|2014-06-08 09:04:13|2016-02-13 00:00:00|2014-06-08 00:00:00|A|BB-01|BRB|westpalmbeach|0|westpalmbeach|westpalmbeach|westpalmbeach|westpalmbeach|Unknown|N|N|N||JFK||BGI|F|westpalmbeach|westpalmbeach|westpalmbeach|westpalmbeach@HOTMAIL.COM|25167|2014-05-09 00:00:00|2015-03-01 00:00:00|||2014-03-16 00:00:00||F|W|B6||MR||60 Simmons Road|cancun||2417373|M|||||||en-us|ENG||F||||||||0
U|wariot2|2014-06-08 09:04:13|2016-02-13 00:00:00|2014-06-08 00:00:00|A|BB-01|BRB|westpalmbeach|0|westpalmbeach|westpalmbeach|westpalmbeach|westpalmbeach|Unknown|N|N|N||JFK||BGI|F|westpalmbeach|westpalmbeach|westpalmbeach|westpalmbeach@HOTMAIL.COM|25167|2014-05-09 00:00:00|2015-03-01 00:00:00|||2014-03-16 00:00:00||F|W|B6||MR||60 Simmons Road|cancun||2417373|M|||||||en-us|ENG||F||||||||0
U|wariot3|2014-06-08 09:04:13|2016-02-13 00:00:00|2014-06-08 00:00:00|A|BB-01|BRB|westpalmbeach|0|westpalmbeach|westpalmbeach|westpalmbeach|westpalmbeach|Unknown|N|N|N||JFK||BGI|F|westpalmbeach|westpalmbeach|westpalmbeach|westpalmbeach@HOTMAIL.COM|25167|2014-05-09 00:00:00|2015-03-01 00:00:00|||2014-03-16 00:00:00||F|W|B6||MR||60 Simmons Road|cancun||2417373|M|||||||en-us|ENG||F||||||||0
U|wariot4|2014-06-08 09:04:13|2016-02-13 00:00:00|2014-06-08 00:00:00|A|BB-01|BRB|westpalmbeach|0|westpalmbeach|westpalmbeach|westpalmbeach|westpalmbeach|Unknown|N|N|N||JFK||BGI|F|westpalmbeach|westpalmbeach|westpalmbeach|westpalmbeach@HOTMAIL.COM|25167|2014-05-09 00:00:00|2015-03-01 00:00:00|||2014-03-16 00:00:00||F|W|B6||MR||60 Simmons Road|cancun||2417373|M|||||||en-us|ENG||F||||||||0
U|wariot5|2014-06-08 09:04:13|2016-02-13 00:00:00|2014-06-08 00:00:00|A|BB-01|BRB|westpalmbeach|0|westpalmbeach|westpalmbeach|westpalmbeach|westpalmbeach|Unknown|N|N|N||JFK||BGI|F|westpalmbeach|westpalmbeach|westpalmbeach|westpalmbeach@HOTMAIL.COM|25167|2014-05-09 00:00:00|2015-03-01 00:00:00|||2014-03-16 00:00:00||F|W|B6||MR||60 Simmons Road|cancun||2417373|M|||||||en-us|ENG||F||||||||0
U|wariot6|2014-06-08 09:04:13|2016-02-13 00:00:00|2014-06-08 00:00:00|A|BB-01|BRB|westpalmbeach|0|westpalmbeach|westpalmbeach|westpalmbeach|westpalmbeach|Unknown|N|N|N||JFK||BGI|F|westpalmbeach|westpalmbeach|westpalmbeach|westpalmbeach@HOTMAIL.COM|25167|2014-05-09 00:00:00|2015-03-01 00:00:00|||2014-03-16 00:00:00||F|W|B6||MR||60 Simmons Road|cancun||2417373|M|||||||en-us|ENG||F||||||||0
U|wariot7|2014-06-08 09:04:13|2016-02-13 00:00:00|2014-06-08 00:00:00|A|BB-01|BRB|westpalmbeach|0|westpalmbeach|westpalmbeach|westpalmbeach|westpalmbeach|Unknown|N|N|N||JFK||BGI|F|westpalmbeach|westpalmbeach|westpalmbeach|westpalmbeach@HOTMAIL.COM|25167|2014-05-09 00:00:00|2015-03-01 00:00:00|||2014-03-16 00:00:00||F|W|B6||MR||60 Simmons Road|cancun||2417373|M|||||||en-us|ENG||F||||||||0
U|wariot8|2014-06-08 09:04:13|2016-02-13 00:00:00|2014-06-08 00:00:00|A|BB-01|BRB|westpalmbeach|0|westpalmbeach|westpalmbeach|westpalmbeach|westpalmbeach|Unknown|N|N|N||JFK||BGI|F|westpalmbeach|westpalmbeach|westpalmbeach|westpalmbeach@HOTMAIL.COM|25167|2014-05-09 00:00:00|2015-03-01 00:00:00|||2014-03-16 00:00:00||F|W|B6||MR||60 Simmons Road|cancun||2417373|M|||||||en-us|ENG||F||||||||0
U|wariot9|2014-06-08 09:04:13|2016-02-13 00:00:00|2014-06-08 00:00:00|A|BB-01|BRB|westpalmbeach|0|westpalmbeach|westpalmbeach|westpalmbeach|westpalmbeach|Unknown|N|N|N||JFK||BGI|F|westpalmbeach|westpalmbeach|westpalmbeach|westpalmbeach@HOTMAIL.COM|25167|2014-05-09 00:00:00|2015-03-01 00:00:00|||2014-03-16 00:00:00||F|W|B6||MR||60 Simmons Road|cancun||2417373|M|||||||en-us|ENG||F||||||||0
T|10
