ROW_MARKER|CODE|PARTNER|CHANNEL|CARD_NUMBER|TRANSACTION_DATE|PROCESSING_DATE|BOOKING_DATE|DEPARTURE_DATE|SOURCE_TRANSACTION_NO|BATCH_ID|USER_LOGIN|TRANS_TOTAL_VALUE|TRANSACTION_TYPE|TRANSACTION_STATUS|TARIFF|OND|BOOKING_LOCATION|AIRCRAFT_TYPE|AIRCRAFT_TAIL_NO|AIRLINE_MARKETING_CODE|ONLINE_BOOKING|PAX_TYPE|FEE_CODE|PARTNER_TRN_ID|TRANSACTION_CODE|TRANSACTION_FEE|TRANSACTION_POINTS|PARTNER_POINTS|IATA_LOCATION_CODE|PNR_LOCATOR|BASE_FARE|EXCISE_TAX|DISCOUNT_BASE|DISTANCE|COUPON_NO|AGENT_TYPE|IATA_LOC_NO|FLIGHT_NO|FLIGHT_NO_SUFFIX|OTHER_FFP_PROGRAM_CODE|OTHER_FFP_NO|TICKET_NO|TOUR_CODE|BULK_FARE_INDICATOR|FARE_BASIS|FLOWN_CLASS|TRANSACTION_VALUE|TRASNACTION_REVENUE|ADJUSTED_TRN_ID|CANCELLED_TRN_ID|TRN_EXT01|TRN_EXT02|TRN_EXT03|TRN_EXT04|TRN_EXT05|TRN_EXT06|TRN_EXT07|TRN_EXT08|TRN_EXT09|TRN_EXT10|TRN_EXT11|TRN_EXT12|TRN_EXT13|TRN_EXT14|TRN_EXT15|TRN_EXT16|TRN_EXT17|TRN_EXT18|TRN_EXT19|TRN_EXT20|TRN_EXT21|TRN_EXT22|TRN_EXT23|TRN_EXT24|TRN_EXT25
I|842166164|B6|12|wariot0|2015-02-03 00:00:00|2015-03-07 01:03:51|2015-02-02 00:00:00|2015-02-03 00:00:00||17470|System|0|I|1|Y|ANCANC|seattle10|32F|32F658|B6|F|A|||||1922||Salt Lake Support Center|ONGBGB|298.05|22.35|298.05|1000|1|A|4100003|8072||||2125457278||N|QH00AE5U|Y|||||||B6|8072|SLC|ORL|9010001|WEB - B2C / GUEST - USA|2015-01-08 00:00:00|279|QHIP|||||7664|L|P||||||
T|1
I|842166164|B6|12|wariot1|2015-02-03 00:00:00|2015-03-07 01:03:51|2015-02-02 00:00:00|2015-02-03 00:00:00||17470|System|0|I|1|Y|ANCANC|seattle10|32F|32F658|B6|F|A|||||1922||Salt Lake Support Center|ONGBGB|298.05|22.35|298.05|1000|1|A|4100003|8072||||2125457278||N|QH00AE5U|Y|||||||B6|8072|SLC|ORL|9010001|WEB - B2C / GUEST - USA|2015-01-08 00:00:00|279|QHIP|||||7664|L|P||||||
T|2
I|842166164|B6|12|wariot2|2015-02-03 00:00:00|2015-03-07 01:03:51|2015-02-02 00:00:00|2015-02-03 00:00:00||17470|System|0|I|1|Y|ANCANC|seattle10|32F|32F658|B6|F|A|||||1922||Salt Lake Support Center|ONGBGB|298.05|22.35|298.05|1000|1|A|4100003|8072||||2125457278||N|QH00AE5U|Y|||||||B6|8072|SLC|ORL|9010001|WEB - B2C / GUEST - USA|2015-01-08 00:00:00|279|QHIP|||||7664|L|P||||||
T|3
I|842166164|B6|12|wariot3|2015-02-03 00:00:00|2015-03-07 01:03:51|2015-02-02 00:00:00|2015-02-03 00:00:00||17470|System|0|I|1|Y|ANCANC|seattle10|32F|32F658|B6|F|A|||||1922||Salt Lake Support Center|ONGBGB|298.05|22.35|298.05|1000|1|A|4100003|8072||||2125457278||N|QH00AE5U|Y|||||||B6|8072|SLC|ORL|9010001|WEB - B2C / GUEST - USA|2015-01-08 00:00:00|279|QHIP|||||7664|L|P||||||
T|4
I|842166164|B6|12|wariot4|2015-02-03 00:00:00|2015-03-07 01:03:51|2015-02-02 00:00:00|2015-02-03 00:00:00||17470|System|0|I|1|Y|ANCANC|seattle10|32F|32F658|B6|F|A|||||1922||Salt Lake Support Center|ONGBGB|298.05|22.35|298.05|1000|1|A|4100003|8072||||2125457278||N|QH00AE5U|Y|||||||B6|8072|SLC|ORL|9010001|WEB - B2C / GUEST - USA|2015-01-08 00:00:00|279|QHIP|||||7664|L|P||||||
T|5
I|842166164|B6|12|wariot5|2015-02-03 00:00:00|2015-03-07 01:03:51|2015-02-02 00:00:00|2015-02-03 00:00:00||17470|System|0|I|1|Y|ANCANC|seattle10|32F|32F658|B6|F|A|||||1922||Salt Lake Support Center|ONGBGB|298.05|22.35|298.05|1000|1|A|4100003|8072||||2125457278||N|QH00AE5U|Y|||||||B6|8072|SLC|ORL|9010001|WEB - B2C / GUEST - USA|2015-01-08 00:00:00|279|QHIP|||||7664|L|P||||||
T|6
I|842166164|B6|12|wariot6|2015-02-03 00:00:00|2015-03-07 01:03:51|2015-02-02 00:00:00|2015-02-03 00:00:00||17470|System|0|I|1|Y|ANCANC|seattle10|32F|32F658|B6|F|A|||||1922||Salt Lake Support Center|ONGBGB|298.05|22.35|298.05|1000|1|A|4100003|8072||||2125457278||N|QH00AE5U|Y|||||||B6|8072|SLC|ORL|9010001|WEB - B2C / GUEST - USA|2015-01-08 00:00:00|279|QHIP|||||7664|L|P||||||
T|7
I|842166164|B6|12|wariot7|2015-02-03 00:00:00|2015-03-07 01:03:51|2015-02-02 00:00:00|2015-02-03 00:00:00||17470|System|0|I|1|Y|ANCANC|seattle10|32F|32F658|B6|F|A|||||1922||Salt Lake Support Center|ONGBGB|298.05|22.35|298.05|1000|1|A|4100003|8072||||2125457278||N|QH00AE5U|Y|||||||B6|8072|SLC|ORL|9010001|WEB - B2C / GUEST - USA|2015-01-08 00:00:00|279|QHIP|||||7664|L|P||||||
T|8
I|842166164|B6|12|wariot8|2015-02-03 00:00:00|2015-03-07 01:03:51|2015-02-02 00:00:00|2015-02-03 00:00:00||17470|System|0|I|1|Y|ANCANC|seattle10|32F|32F658|B6|F|A|||||1922||Salt Lake Support Center|ONGBGB|298.05|22.35|298.05|1000|1|A|4100003|8072||||2125457278||N|QH00AE5U|Y|||||||B6|8072|SLC|ORL|9010001|WEB - B2C / GUEST - USA|2015-01-08 00:00:00|279|QHIP|||||7664|L|P||||||
T|9
I|842166164|B6|12|wariot9|2015-02-03 00:00:00|2015-03-07 01:03:51|2015-02-02 00:00:00|2015-02-03 00:00:00||17470|System|0|I|1|Y|ANCANC|seattle10|32F|32F658|B6|F|A|||||1922||Salt Lake Support Center|ONGBGB|298.05|22.35|298.05|1000|1|A|4100003|8072||||2125457278||N|QH00AE5U|Y|||||||B6|8072|SLC|ORL|9010001|WEB - B2C / GUEST - USA|2015-01-08 00:00:00|279|QHIP|||||7664|L|P||||||
T|10
I|842166164|B6|12|wariot0|2015-02-03 00:00:00|2015-03-07 01:03:51|2015-02-02 00:00:00|2015-02-03 00:00:00||17470|System|0|I|1|Y|ANCABQ|seattle10|32F|32F658|B6|F|A|||||1922||Salt Lake Support Center|ONGBGB|298.05|22.35|298.05|1000|1|A|4100003|8072||||2125457278||N|QH00AE5U|Y|||||||B6|8072|SLC|ORL|9010001|WEB - B2C / GUEST - USA|2015-01-08 00:00:00|279|QHIP|||||7664|L|P||||||
T|11
I|842166164|B6|12|wariot1|2015-02-03 00:00:00|2015-03-07 01:03:51|2015-02-02 00:00:00|2015-02-03 00:00:00||17470|System|0|I|1|Y|ANCABQ|seattle10|32F|32F658|B6|F|A|||||1922||Salt Lake Support Center|ONGBGB|298.05|22.35|298.05|1000|1|A|4100003|8072||||2125457278||N|QH00AE5U|Y|||||||B6|8072|SLC|ORL|9010001|WEB - B2C / GUEST - USA|2015-01-08 00:00:00|279|QHIP|||||7664|L|P||||||
T|12
I|842166164|B6|12|wariot2|2015-02-03 00:00:00|2015-03-07 01:03:51|2015-02-02 00:00:00|2015-02-03 00:00:00||17470|System|0|I|1|Y|ANCABQ|seattle10|32F|32F658|B6|F|A|||||1922||Salt Lake Support Center|ONGBGB|298.05|22.35|298.05|1000|1|A|4100003|8072||||2125457278||N|QH00AE5U|Y|||||||B6|8072|SLC|ORL|9010001|WEB - B2C / GUEST - USA|2015-01-08 00:00:00|279|QHIP|||||7664|L|P||||||
T|13
I|842166164|B6|12|wariot3|2015-02-03 00:00:00|2015-03-07 01:03:51|2015-02-02 00:00:00|2015-02-03 00:00:00||17470|System|0|I|1|Y|ANCABQ|seattle10|32F|32F658|B6|F|A|||||1922||Salt Lake Support Center|ONGBGB|298.05|22.35|298.05|1000|1|A|4100003|8072||||2125457278||N|QH00AE5U|Y|||||||B6|8072|SLC|ORL|9010001|WEB - B2C / GUEST - USA|2015-01-08 00:00:00|279|QHIP|||||7664|L|P||||||
T|14
I|842166164|B6|12|wariot4|2015-02-03 00:00:00|2015-03-07 01:03:51|2015-02-02 00:00:00|2015-02-03 00:00:00||17470|System|0|I|1|Y|ANCABQ|seattle10|32F|32F658|B6|F|A|||||1922||Salt Lake Support Center|ONGBGB|298.05|22.35|298.05|1000|1|A|4100003|8072||||2125457278||N|QH00AE5U|Y|||||||B6|8072|SLC|ORL|9010001|WEB - B2C / GUEST - USA|2015-01-08 00:00:00|279|QHIP|||||7664|L|P||||||
T|15
I|842166164|B6|12|wariot5|2015-02-03 00:00:00|2015-03-07 01:03:51|2015-02-02 00:00:00|2015-02-03 00:00:00||17470|System|0|I|1|Y|ANCABQ|seattle10|32F|32F658|B6|F|A|||||1922||Salt Lake Support Center|ONGBGB|298.05|22.35|298.05|1000|1|A|4100003|8072||||2125457278||N|QH00AE5U|Y|||||||B6|8072|SLC|ORL|9010001|WEB - B2C / GUEST - USA|2015-01-08 00:00:00|279|QHIP|||||7664|L|P||||||
T|16
I|842166164|B6|12|wariot6|2015-02-03 00:00:00|2015-03-07 01:03:51|2015-02-02 00:00:00|2015-02-03 00:00:00||17470|System|0|I|1|Y|ANCABQ|seattle10|32F|32F658|B6|F|A|||||1922||Salt Lake Support Center|ONGBGB|298.05|22.35|298.05|1000|1|A|4100003|8072||||2125457278||N|QH00AE5U|Y|||||||B6|8072|SLC|ORL|9010001|WEB - B2C / GUEST - USA|2015-01-08 00:00:00|279|QHIP|||||7664|L|P||||||
T|17
I|842166164|B6|12|wariot7|2015-02-03 00:00:00|2015-03-07 01:03:51|2015-02-02 00:00:00|2015-02-03 00:00:00||17470|System|0|I|1|Y|ANCABQ|seattle10|32F|32F658|B6|F|A|||||1922||Salt Lake Support Center|ONGBGB|298.05|22.35|298.05|1000|1|A|4100003|8072||||2125457278||N|QH00AE5U|Y|||||||B6|8072|SLC|ORL|9010001|WEB - B2C / GUEST - USA|2015-01-08 00:00:00|279|QHIP|||||7664|L|P||||||
T|18
I|842166164|B6|12|wariot8|2015-02-03 00:00:00|2015-03-07 01:03:51|2015-02-02 00:00:00|2015-02-03 00:00:00||17470|System|0|I|1|Y|ANCABQ|seattle10|32F|32F658|B6|F|A|||||1922||Salt Lake Support Center|ONGBGB|298.05|22.35|298.05|1000|1|A|4100003|8072||||2125457278||N|QH00AE5U|Y|||||||B6|8072|SLC|ORL|9010001|WEB - B2C / GUEST - USA|2015-01-08 00:00:00|279|QHIP|||||7664|L|P||||||
T|19
I|842166164|B6|12|wariot9|2015-02-03 00:00:00|2015-03-07 01:03:51|2015-02-02 00:00:00|2015-02-03 00:00:00||17470|System|0|I|1|Y|ANCABQ|seattle10|32F|32F658|B6|F|A|||||1922||Salt Lake Support Center|ONGBGB|298.05|22.35|298.05|1000|1|A|4100003|8072||||2125457278||N|QH00AE5U|Y|||||||B6|8072|SLC|ORL|9010001|WEB - B2C / GUEST - USA|2015-01-08 00:00:00|279|QHIP|||||7664|L|P||||||
T|20
I|842166164|B6|12|wariot0|2015-02-03 00:00:00|2015-03-07 01:03:51|2015-02-02 00:00:00|2015-02-03 00:00:00||17470|System|0|I|1|Y|ANCACK|seattle10|32F|32F658|B6|F|A|||||1922||Salt Lake Support Center|ONGBGB|298.05|22.35|298.05|1000|1|A|4100003|8072||||2125457278||N|QH00AE5U|Y|||||||B6|8072|SLC|ORL|9010001|WEB - B2C / GUEST - USA|2015-01-08 00:00:00|279|QHIP|||||7664|L|P||||||
T|21
I|842166164|B6|12|wariot1|2015-02-03 00:00:00|2015-03-07 01:03:51|2015-02-02 00:00:00|2015-02-03 00:00:00||17470|System|0|I|1|Y|ANCACK|seattle10|32F|32F658|B6|F|A|||||1922||Salt Lake Support Center|ONGBGB|298.05|22.35|298.05|1000|1|A|4100003|8072||||2125457278||N|QH00AE5U|Y|||||||B6|8072|SLC|ORL|9010001|WEB - B2C / GUEST - USA|2015-01-08 00:00:00|279|QHIP|||||7664|L|P||||||
T|22
I|842166164|B6|12|wariot2|2015-02-03 00:00:00|2015-03-07 01:03:51|2015-02-02 00:00:00|2015-02-03 00:00:00||17470|System|0|I|1|Y|ANCACK|seattle10|32F|32F658|B6|F|A|||||1922||Salt Lake Support Center|ONGBGB|298.05|22.35|298.05|1000|1|A|4100003|8072||||2125457278||N|QH00AE5U|Y|||||||B6|8072|SLC|ORL|9010001|WEB - B2C / GUEST - USA|2015-01-08 00:00:00|279|QHIP|||||7664|L|P||||||
T|23
I|842166164|B6|12|wariot3|2015-02-03 00:00:00|2015-03-07 01:03:51|2015-02-02 00:00:00|2015-02-03 00:00:00||17470|System|0|I|1|Y|ANCACK|seattle10|32F|32F658|B6|F|A|||||1922||Salt Lake Support Center|ONGBGB|298.05|22.35|298.05|1000|1|A|4100003|8072||||2125457278||N|QH00AE5U|Y|||||||B6|8072|SLC|ORL|9010001|WEB - B2C / GUEST - USA|2015-01-08 00:00:00|279|QHIP|||||7664|L|P||||||
T|24
I|842166164|B6|12|wariot4|2015-02-03 00:00:00|2015-03-07 01:03:51|2015-02-02 00:00:00|2015-02-03 00:00:00||17470|System|0|I|1|Y|ANCACK|seattle10|32F|32F658|B6|F|A|||||1922||Salt Lake Support Center|ONGBGB|298.05|22.35|298.05|1000|1|A|4100003|8072||||2125457278||N|QH00AE5U|Y|||||||B6|8072|SLC|ORL|9010001|WEB - B2C / GUEST - USA|2015-01-08 00:00:00|279|QHIP|||||7664|L|P||||||
T|25
I|842166164|B6|12|wariot5|2015-02-03 00:00:00|2015-03-07 01:03:51|2015-02-02 00:00:00|2015-02-03 00:00:00||17470|System|0|I|1|Y|ANCACK|seattle10|32F|32F658|B6|F|A|||||1922||Salt Lake Support Center|ONGBGB|298.05|22.35|298.05|1000|1|A|4100003|8072||||2125457278||N|QH00AE5U|Y|||||||B6|8072|SLC|ORL|9010001|WEB - B2C / GUEST - USA|2015-01-08 00:00:00|279|QHIP|||||7664|L|P||||||
T|26
I|842166164|B6|12|wariot6|2015-02-03 00:00:00|2015-03-07 01:03:51|2015-02-02 00:00:00|2015-02-03 00:00:00||17470|System|0|I|1|Y|ANCACK|seattle10|32F|32F658|B6|F|A|||||1922||Salt Lake Support Center|ONGBGB|298.05|22.35|298.05|1000|1|A|4100003|8072||||2125457278||N|QH00AE5U|Y|||||||B6|8072|SLC|ORL|9010001|WEB - B2C / GUEST - USA|2015-01-08 00:00:00|279|QHIP|||||7664|L|P||||||
T|27
I|842166164|B6|12|wariot7|2015-02-03 00:00:00|2015-03-07 01:03:51|2015-02-02 00:00:00|2015-02-03 00:00:00||17470|System|0|I|1|Y|ANCACK|seattle10|32F|32F658|B6|F|A|||||1922||Salt Lake Support Center|ONGBGB|298.05|22.35|298.05|1000|1|A|4100003|8072||||2125457278||N|QH00AE5U|Y|||||||B6|8072|SLC|ORL|9010001|WEB - B2C / GUEST - USA|2015-01-08 00:00:00|279|QHIP|||||7664|L|P||||||
T|28
I|842166164|B6|12|wariot8|2015-02-03 00:00:00|2015-03-07 01:03:51|2015-02-02 00:00:00|2015-02-03 00:00:00||17470|System|0|I|1|Y|ANCACK|seattle10|32F|32F658|B6|F|A|||||1922||Salt Lake Support Center|ONGBGB|298.05|22.35|298.05|1000|1|A|4100003|8072||||2125457278||N|QH00AE5U|Y|||||||B6|8072|SLC|ORL|9010001|WEB - B2C / GUEST - USA|2015-01-08 00:00:00|279|QHIP|||||7664|L|P||||||
T|29
I|842166164|B6|12|wariot9|2015-02-03 00:00:00|2015-03-07 01:03:51|2015-02-02 00:00:00|2015-02-03 00:00:00||17470|System|0|I|1|Y|ANCACK|seattle10|32F|32F658|B6|F|A|||||1922||Salt Lake Support Center|ONGBGB|298.05|22.35|298.05|1000|1|A|4100003|8072||||2125457278||N|QH00AE5U|Y|||||||B6|8072|SLC|ORL|9010001|WEB - B2C / GUEST - USA|2015-01-08 00:00:00|279|QHIP|||||7664|L|P||||||
T|30
I|842166164|B6|12|wariot0|2015-02-03 00:00:00|2015-03-07 01:03:51|2015-02-02 00:00:00|2015-02-03 00:00:00||17470|System|0|I|1|Y|ANCALB|seattle10|32F|32F658|B6|F|A|||||1922||Salt Lake Support Center|ONGBGB|298.05|22.35|298.05|1000|1|A|4100003|8072||||2125457278||N|QH00AE5U|Y|||||||B6|8072|SLC|ORL|9010001|WEB - B2C / GUEST - USA|2015-01-08 00:00:00|279|QHIP|||||7664|L|P||||||
T|31
I|842166164|B6|12|wariot1|2015-02-03 00:00:00|2015-03-07 01:03:51|2015-02-02 00:00:00|2015-02-03 00:00:00||17470|System|0|I|1|Y|ANCALB|seattle10|32F|32F658|B6|F|A|||||1922||Salt Lake Support Center|ONGBGB|298.05|22.35|298.05|1000|1|A|4100003|8072||||2125457278||N|QH00AE5U|Y|||||||B6|8072|SLC|ORL|9010001|WEB - B2C / GUEST - USA|2015-01-08 00:00:00|279|QHIP|||||7664|L|P||||||
T|32
I|842166164|B6|12|wariot2|2015-02-03 00:00:00|2015-03-07 01:03:51|2015-02-02 00:00:00|2015-02-03 00:00:00||17470|System|0|I|1|Y|ANCALB|seattle10|32F|32F658|B6|F|A|||||1922||Salt Lake Support Center|ONGBGB|298.05|22.35|298.05|1000|1|A|4100003|8072||||2125457278||N|QH00AE5U|Y|||||||B6|8072|SLC|ORL|9010001|WEB - B2C / GUEST - USA|2015-01-08 00:00:00|279|QHIP|||||7664|L|P||||||
T|33
I|842166164|B6|12|wariot3|2015-02-03 00:00:00|2015-03-07 01:03:51|2015-02-02 00:00:00|2015-02-03 00:00:00||17470|System|0|I|1|Y|ANCALB|seattle10|32F|32F658|B6|F|A|||||1922||Salt Lake Support Center|ONGBGB|298.05|22.35|298.05|1000|1|A|4100003|8072||||2125457278||N|QH00AE5U|Y|||||||B6|8072|SLC|ORL|9010001|WEB - B2C / GUEST - USA|2015-01-08 00:00:00|279|QHIP|||||7664|L|P||||||
T|34
I|842166164|B6|12|wariot4|2015-02-03 00:00:00|2015-03-07 01:03:51|2015-02-02 00:00:00|2015-02-03 00:00:00||17470|System|0|I|1|Y|ANCALB|seattle10|32F|32F658|B6|F|A|||||1922||Salt Lake Support Center|ONGBGB|298.05|22.35|298.05|1000|1|A|4100003|8072||||2125457278||N|QH00AE5U|Y|||||||B6|8072|SLC|ORL|9010001|WEB - B2C / GUEST - USA|2015-01-08 00:00:00|279|QHIP|||||7664|L|P||||||
T|35
I|842166164|B6|12|wariot5|2015-02-03 00:00:00|2015-03-07 01:03:51|2015-02-02 00:00:00|2015-02-03 00:00:00||17470|System|0|I|1|Y|ANCALB|seattle10|32F|32F658|B6|F|A|||||1922||Salt Lake Support Center|ONGBGB|298.05|22.35|298.05|1000|1|A|4100003|8072||||2125457278||N|QH00AE5U|Y|||||||B6|8072|SLC|ORL|9010001|WEB - B2C / GUEST - USA|2015-01-08 00:00:00|279|QHIP|||||7664|L|P||||||
T|36
I|842166164|B6|12|wariot6|2015-02-03 00:00:00|2015-03-07 01:03:51|2015-02-02 00:00:00|2015-02-03 00:00:00||17470|System|0|I|1|Y|ANCALB|seattle10|32F|32F658|B6|F|A|||||1922||Salt Lake Support Center|ONGBGB|298.05|22.35|298.05|1000|1|A|4100003|8072||||2125457278||N|QH00AE5U|Y|||||||B6|8072|SLC|ORL|9010001|WEB - B2C / GUEST - USA|2015-01-08 00:00:00|279|QHIP|||||7664|L|P||||||
T|37
I|842166164|B6|12|wariot7|2015-02-03 00:00:00|2015-03-07 01:03:51|2015-02-02 00:00:00|2015-02-03 00:00:00||17470|System|0|I|1|Y|ANCALB|seattle10|32F|32F658|B6|F|A|||||1922||Salt Lake Support Center|ONGBGB|298.05|22.35|298.05|1000|1|A|4100003|8072||||2125457278||N|QH00AE5U|Y|||||||B6|8072|SLC|ORL|9010001|WEB - B2C / GUEST - USA|2015-01-08 00:00:00|279|QHIP|||||7664|L|P||||||
T|38
I|842166164|B6|12|wariot8|2015-02-03 00:00:00|2015-03-07 01:03:51|2015-02-02 00:00:00|2015-02-03 00:00:00||17470|System|0|I|1|Y|ANCALB|seattle10|32F|32F658|B6|F|A|||||1922||Salt Lake Support Center|ONGBGB|298.05|22.35|298.05|1000|1|A|4100003|8072||||2125457278||N|QH00AE5U|Y|||||||B6|8072|SLC|ORL|9010001|WEB - B2C / GUEST - USA|2015-01-08 00:00:00|279|QHIP|||||7664|L|P||||||
T|39
I|842166164|B6|12|wariot9|2015-02-03 00:00:00|2015-03-07 01:03:51|2015-02-02 00:00:00|2015-02-03 00:00:00||17470|System|0|I|1|Y|ANCALB|seattle10|32F|32F658|B6|F|A|||||1922||Salt Lake Support Center|ONGBGB|298.05|22.35|298.05|1000|1|A|4100003|8072||||2125457278||N|QH00AE5U|Y|||||||B6|8072|SLC|ORL|9010001|WEB - B2C / GUEST - USA|2015-01-08 00:00:00|279|QHIP|||||7664|L|P||||||
T|40
I|842166164|B6|12|wariot0|2015-02-03 00:00:00|2015-03-07 01:03:51|2015-02-02 00:00:00|2015-02-03 00:00:00||17470|System|0|I|1|Y|ANCANU|seattle10|32F|32F658|B6|F|A|||||1922||Salt Lake Support Center|ONGBGB|298.05|22.35|298.05|1000|1|A|4100003|8072||||2125457278||N|QH00AE5U|Y|||||||B6|8072|SLC|ORL|9010001|WEB - B2C / GUEST - USA|2015-01-08 00:00:00|279|QHIP|||||7664|L|P||||||
T|41
I|842166164|B6|12|wariot1|2015-02-03 00:00:00|2015-03-07 01:03:51|2015-02-02 00:00:00|2015-02-03 00:00:00||17470|System|0|I|1|Y|ANCANU|seattle10|32F|32F658|B6|F|A|||||1922||Salt Lake Support Center|ONGBGB|298.05|22.35|298.05|1000|1|A|4100003|8072||||2125457278||N|QH00AE5U|Y|||||||B6|8072|SLC|ORL|9010001|WEB - B2C / GUEST - USA|2015-01-08 00:00:00|279|QHIP|||||7664|L|P||||||
T|42
I|842166164|B6|12|wariot2|2015-02-03 00:00:00|2015-03-07 01:03:51|2015-02-02 00:00:00|2015-02-03 00:00:00||17470|System|0|I|1|Y|ANCANU|seattle10|32F|32F658|B6|F|A|||||1922||Salt Lake Support Center|ONGBGB|298.05|22.35|298.05|1000|1|A|4100003|8072||||2125457278||N|QH00AE5U|Y|||||||B6|8072|SLC|ORL|9010001|WEB - B2C / GUEST - USA|2015-01-08 00:00:00|279|QHIP|||||7664|L|P||||||
T|43
I|842166164|B6|12|wariot3|2015-02-03 00:00:00|2015-03-07 01:03:51|2015-02-02 00:00:00|2015-02-03 00:00:00||17470|System|0|I|1|Y|ANCANU|seattle10|32F|32F658|B6|F|A|||||1922||Salt Lake Support Center|ONGBGB|298.05|22.35|298.05|1000|1|A|4100003|8072||||2125457278||N|QH00AE5U|Y|||||||B6|8072|SLC|ORL|9010001|WEB - B2C / GUEST - USA|2015-01-08 00:00:00|279|QHIP|||||7664|L|P||||||
T|44
I|842166164|B6|12|wariot4|2015-02-03 00:00:00|2015-03-07 01:03:51|2015-02-02 00:00:00|2015-02-03 00:00:00||17470|System|0|I|1|Y|ANCANU|seattle10|32F|32F658|B6|F|A|||||1922||Salt Lake Support Center|ONGBGB|298.05|22.35|298.05|1000|1|A|4100003|8072||||2125457278||N|QH00AE5U|Y|||||||B6|8072|SLC|ORL|9010001|WEB - B2C / GUEST - USA|2015-01-08 00:00:00|279|QHIP|||||7664|L|P||||||
T|45
I|842166164|B6|12|wariot5|2015-02-03 00:00:00|2015-03-07 01:03:51|2015-02-02 00:00:00|2015-02-03 00:00:00||17470|System|0|I|1|Y|ANCANU|seattle10|32F|32F658|B6|F|A|||||1922||Salt Lake Support Center|ONGBGB|298.05|22.35|298.05|1000|1|A|4100003|8072||||2125457278||N|QH00AE5U|Y|||||||B6|8072|SLC|ORL|9010001|WEB - B2C / GUEST - USA|2015-01-08 00:00:00|279|QHIP|||||7664|L|P||||||
T|46
I|842166164|B6|12|wariot6|2015-02-03 00:00:00|2015-03-07 01:03:51|2015-02-02 00:00:00|2015-02-03 00:00:00||17470|System|0|I|1|Y|ANCANU|seattle10|32F|32F658|B6|F|A|||||1922||Salt Lake Support Center|ONGBGB|298.05|22.35|298.05|1000|1|A|4100003|8072||||2125457278||N|QH00AE5U|Y|||||||B6|8072|SLC|ORL|9010001|WEB - B2C / GUEST - USA|2015-01-08 00:00:00|279|QHIP|||||7664|L|P||||||
T|47
I|842166164|B6|12|wariot7|2015-02-03 00:00:00|2015-03-07 01:03:51|2015-02-02 00:00:00|2015-02-03 00:00:00||17470|System|0|I|1|Y|ANCANU|seattle10|32F|32F658|B6|F|A|||||1922||Salt Lake Support Center|ONGBGB|298.05|22.35|298.05|1000|1|A|4100003|8072||||2125457278||N|QH00AE5U|Y|||||||B6|8072|SLC|ORL|9010001|WEB - B2C / GUEST - USA|2015-01-08 00:00:00|279|QHIP|||||7664|L|P||||||
T|48
I|842166164|B6|12|wariot8|2015-02-03 00:00:00|2015-03-07 01:03:51|2015-02-02 00:00:00|2015-02-03 00:00:00||17470|System|0|I|1|Y|ANCANU|seattle10|32F|32F658|B6|F|A|||||1922||Salt Lake Support Center|ONGBGB|298.05|22.35|298.05|1000|1|A|4100003|8072||||2125457278||N|QH00AE5U|Y|||||||B6|8072|SLC|ORL|9010001|WEB - B2C / GUEST - USA|2015-01-08 00:00:00|279|QHIP|||||7664|L|P||||||
T|49
I|842166164|B6|12|wariot9|2015-02-03 00:00:00|2015-03-07 01:03:51|2015-02-02 00:00:00|2015-02-03 00:00:00||17470|System|0|I|1|Y|ANCANU|seattle10|32F|32F658|B6|F|A|||||1922||Salt Lake Support Center|ONGBGB|298.05|22.35|298.05|1000|1|A|4100003|8072||||2125457278||N|QH00AE5U|Y|||||||B6|8072|SLC|ORL|9010001|WEB - B2C / GUEST - USA|2015-01-08 00:00:00|279|QHIP|||||7664|L|P||||||
T|50
I|842166164|B6|12|wariot0|2015-02-03 00:00:00|2015-03-07 01:03:51|2015-02-02 00:00:00|2015-02-03 00:00:00||17470|System|0|I|1|Y|ABQANC|seattle10|32F|32F658|B6|F|A|||||1922||Salt Lake Support Center|ONGBGB|298.05|22.35|298.05|1000|1|A|4100003|8072||||2125457278||N|QH00AE5U|Y|||||||B6|8072|SLC|ORL|9010001|WEB - B2C / GUEST - USA|2015-01-08 00:00:00|279|QHIP|||||7664|L|P||||||
T|51
I|842166164|B6|12|wariot1|2015-02-03 00:00:00|2015-03-07 01:03:51|2015-02-02 00:00:00|2015-02-03 00:00:00||17470|System|0|I|1|Y|ABQANC|seattle10|32F|32F658|B6|F|A|||||1922||Salt Lake Support Center|ONGBGB|298.05|22.35|298.05|1000|1|A|4100003|8072||||2125457278||N|QH00AE5U|Y|||||||B6|8072|SLC|ORL|9010001|WEB - B2C / GUEST - USA|2015-01-08 00:00:00|279|QHIP|||||7664|L|P||||||
T|52
I|842166164|B6|12|wariot2|2015-02-03 00:00:00|2015-03-07 01:03:51|2015-02-02 00:00:00|2015-02-03 00:00:00||17470|System|0|I|1|Y|ABQANC|seattle10|32F|32F658|B6|F|A|||||1922||Salt Lake Support Center|ONGBGB|298.05|22.35|298.05|1000|1|A|4100003|8072||||2125457278||N|QH00AE5U|Y|||||||B6|8072|SLC|ORL|9010001|WEB - B2C / GUEST - USA|2015-01-08 00:00:00|279|QHIP|||||7664|L|P||||||
T|53
I|842166164|B6|12|wariot3|2015-02-03 00:00:00|2015-03-07 01:03:51|2015-02-02 00:00:00|2015-02-03 00:00:00||17470|System|0|I|1|Y|ABQANC|seattle10|32F|32F658|B6|F|A|||||1922||Salt Lake Support Center|ONGBGB|298.05|22.35|298.05|1000|1|A|4100003|8072||||2125457278||N|QH00AE5U|Y|||||||B6|8072|SLC|ORL|9010001|WEB - B2C / GUEST - USA|2015-01-08 00:00:00|279|QHIP|||||7664|L|P||||||
T|54
I|842166164|B6|12|wariot4|2015-02-03 00:00:00|2015-03-07 01:03:51|2015-02-02 00:00:00|2015-02-03 00:00:00||17470|System|0|I|1|Y|ABQANC|seattle10|32F|32F658|B6|F|A|||||1922||Salt Lake Support Center|ONGBGB|298.05|22.35|298.05|1000|1|A|4100003|8072||||2125457278||N|QH00AE5U|Y|||||||B6|8072|SLC|ORL|9010001|WEB - B2C / GUEST - USA|2015-01-08 00:00:00|279|QHIP|||||7664|L|P||||||
T|55
I|842166164|B6|12|wariot5|2015-02-03 00:00:00|2015-03-07 01:03:51|2015-02-02 00:00:00|2015-02-03 00:00:00||17470|System|0|I|1|Y|ABQANC|seattle10|32F|32F658|B6|F|A|||||1922||Salt Lake Support Center|ONGBGB|298.05|22.35|298.05|1000|1|A|4100003|8072||||2125457278||N|QH00AE5U|Y|||||||B6|8072|SLC|ORL|9010001|WEB - B2C / GUEST - USA|2015-01-08 00:00:00|279|QHIP|||||7664|L|P||||||
T|56
I|842166164|B6|12|wariot6|2015-02-03 00:00:00|2015-03-07 01:03:51|2015-02-02 00:00:00|2015-02-03 00:00:00||17470|System|0|I|1|Y|ABQANC|seattle10|32F|32F658|B6|F|A|||||1922||Salt Lake Support Center|ONGBGB|298.05|22.35|298.05|1000|1|A|4100003|8072||||2125457278||N|QH00AE5U|Y|||||||B6|8072|SLC|ORL|9010001|WEB - B2C / GUEST - USA|2015-01-08 00:00:00|279|QHIP|||||7664|L|P||||||
T|57
I|842166164|B6|12|wariot7|2015-02-03 00:00:00|2015-03-07 01:03:51|2015-02-02 00:00:00|2015-02-03 00:00:00||17470|System|0|I|1|Y|ABQANC|seattle10|32F|32F658|B6|F|A|||||1922||Salt Lake Support Center|ONGBGB|298.05|22.35|298.05|1000|1|A|4100003|8072||||2125457278||N|QH00AE5U|Y|||||||B6|8072|SLC|ORL|9010001|WEB - B2C / GUEST - USA|2015-01-08 00:00:00|279|QHIP|||||7664|L|P||||||
T|58
I|842166164|B6|12|wariot8|2015-02-03 00:00:00|2015-03-07 01:03:51|2015-02-02 00:00:00|2015-02-03 00:00:00||17470|System|0|I|1|Y|ABQANC|seattle10|32F|32F658|B6|F|A|||||1922||Salt Lake Support Center|ONGBGB|298.05|22.35|298.05|1000|1|A|4100003|8072||||2125457278||N|QH00AE5U|Y|||||||B6|8072|SLC|ORL|9010001|WEB - B2C / GUEST - USA|2015-01-08 00:00:00|279|QHIP|||||7664|L|P||||||
T|59
I|842166164|B6|12|wariot9|2015-02-03 00:00:00|2015-03-07 01:03:51|2015-02-02 00:00:00|2015-02-03 00:00:00||17470|System|0|I|1|Y|ABQANC|seattle10|32F|32F658|B6|F|A|||||1922||Salt Lake Support Center|ONGBGB|298.05|22.35|298.05|1000|1|A|4100003|8072||||2125457278||N|QH00AE5U|Y|||||||B6|8072|SLC|ORL|9010001|WEB - B2C / GUEST - USA|2015-01-08 00:00:00|279|QHIP|||||7664|L|P||||||
T|60
I|842166164|B6|12|wariot0|2015-02-03 00:00:00|2015-03-07 01:03:51|2015-02-02 00:00:00|2015-02-03 00:00:00||17470|System|0|I|1|Y|ABQABQ|seattle10|32F|32F658|B6|F|A|||||1922||Salt Lake Support Center|ONGBGB|298.05|22.35|298.05|1000|1|A|4100003|8072||||2125457278||N|QH00AE5U|Y|||||||B6|8072|SLC|ORL|9010001|WEB - B2C / GUEST - USA|2015-01-08 00:00:00|279|QHIP|||||7664|L|P||||||
T|61
I|842166164|B6|12|wariot1|2015-02-03 00:00:00|2015-03-07 01:03:51|2015-02-02 00:00:00|2015-02-03 00:00:00||17470|System|0|I|1|Y|ABQABQ|seattle10|32F|32F658|B6|F|A|||||1922||Salt Lake Support Center|ONGBGB|298.05|22.35|298.05|1000|1|A|4100003|8072||||2125457278||N|QH00AE5U|Y|||||||B6|8072|SLC|ORL|9010001|WEB - B2C / GUEST - USA|2015-01-08 00:00:00|279|QHIP|||||7664|L|P||||||
T|62
I|842166164|B6|12|wariot2|2015-02-03 00:00:00|2015-03-07 01:03:51|2015-02-02 00:00:00|2015-02-03 00:00:00||17470|System|0|I|1|Y|ABQABQ|seattle10|32F|32F658|B6|F|A|||||1922||Salt Lake Support Center|ONGBGB|298.05|22.35|298.05|1000|1|A|4100003|8072||||2125457278||N|QH00AE5U|Y|||||||B6|8072|SLC|ORL|9010001|WEB - B2C / GUEST - USA|2015-01-08 00:00:00|279|QHIP|||||7664|L|P||||||
T|63
I|842166164|B6|12|wariot3|2015-02-03 00:00:00|2015-03-07 01:03:51|2015-02-02 00:00:00|2015-02-03 00:00:00||17470|System|0|I|1|Y|ABQABQ|seattle10|32F|32F658|B6|F|A|||||1922||Salt Lake Support Center|ONGBGB|298.05|22.35|298.05|1000|1|A|4100003|8072||||2125457278||N|QH00AE5U|Y|||||||B6|8072|SLC|ORL|9010001|WEB - B2C / GUEST - USA|2015-01-08 00:00:00|279|QHIP|||||7664|L|P||||||
T|64
I|842166164|B6|12|wariot4|2015-02-03 00:00:00|2015-03-07 01:03:51|2015-02-02 00:00:00|2015-02-03 00:00:00||17470|System|0|I|1|Y|ABQABQ|seattle10|32F|32F658|B6|F|A|||||1922||Salt Lake Support Center|ONGBGB|298.05|22.35|298.05|1000|1|A|4100003|8072||||2125457278||N|QH00AE5U|Y|||||||B6|8072|SLC|ORL|9010001|WEB - B2C / GUEST - USA|2015-01-08 00:00:00|279|QHIP|||||7664|L|P||||||
T|65
I|842166164|B6|12|wariot5|2015-02-03 00:00:00|2015-03-07 01:03:51|2015-02-02 00:00:00|2015-02-03 00:00:00||17470|System|0|I|1|Y|ABQABQ|seattle10|32F|32F658|B6|F|A|||||1922||Salt Lake Support Center|ONGBGB|298.05|22.35|298.05|1000|1|A|4100003|8072||||2125457278||N|QH00AE5U|Y|||||||B6|8072|SLC|ORL|9010001|WEB - B2C / GUEST - USA|2015-01-08 00:00:00|279|QHIP|||||7664|L|P||||||
T|66
I|842166164|B6|12|wariot6|2015-02-03 00:00:00|2015-03-07 01:03:51|2015-02-02 00:00:00|2015-02-03 00:00:00||17470|System|0|I|1|Y|ABQABQ|seattle10|32F|32F658|B6|F|A|||||1922||Salt Lake Support Center|ONGBGB|298.05|22.35|298.05|1000|1|A|4100003|8072||||2125457278||N|QH00AE5U|Y|||||||B6|8072|SLC|ORL|9010001|WEB - B2C / GUEST - USA|2015-01-08 00:00:00|279|QHIP|||||7664|L|P||||||
T|67
I|842166164|B6|12|wariot7|2015-02-03 00:00:00|2015-03-07 01:03:51|2015-02-02 00:00:00|2015-02-03 00:00:00||17470|System|0|I|1|Y|ABQABQ|seattle10|32F|32F658|B6|F|A|||||1922||Salt Lake Support Center|ONGBGB|298.05|22.35|298.05|1000|1|A|4100003|8072||||2125457278||N|QH00AE5U|Y|||||||B6|8072|SLC|ORL|9010001|WEB - B2C / GUEST - USA|2015-01-08 00:00:00|279|QHIP|||||7664|L|P||||||
T|68
I|842166164|B6|12|wariot8|2015-02-03 00:00:00|2015-03-07 01:03:51|2015-02-02 00:00:00|2015-02-03 00:00:00||17470|System|0|I|1|Y|ABQABQ|seattle10|32F|32F658|B6|F|A|||||1922||Salt Lake Support Center|ONGBGB|298.05|22.35|298.05|1000|1|A|4100003|8072||||2125457278||N|QH00AE5U|Y|||||||B6|8072|SLC|ORL|9010001|WEB - B2C / GUEST - USA|2015-01-08 00:00:00|279|QHIP|||||7664|L|P||||||
T|69
I|842166164|B6|12|wariot9|2015-02-03 00:00:00|2015-03-07 01:03:51|2015-02-02 00:00:00|2015-02-03 00:00:00||17470|System|0|I|1|Y|ABQABQ|seattle10|32F|32F658|B6|F|A|||||1922||Salt Lake Support Center|ONGBGB|298.05|22.35|298.05|1000|1|A|4100003|8072||||2125457278||N|QH00AE5U|Y|||||||B6|8072|SLC|ORL|9010001|WEB - B2C / GUEST - USA|2015-01-08 00:00:00|279|QHIP|||||7664|L|P||||||
T|70
I|842166164|B6|12|wariot0|2015-02-03 00:00:00|2015-03-07 01:03:51|2015-02-02 00:00:00|2015-02-03 00:00:00||17470|System|0|I|1|Y|ABQACK|seattle10|32F|32F658|B6|F|A|||||1922||Salt Lake Support Center|ONGBGB|298.05|22.35|298.05|1000|1|A|4100003|8072||||2125457278||N|QH00AE5U|Y|||||||B6|8072|SLC|ORL|9010001|WEB - B2C / GUEST - USA|2015-01-08 00:00:00|279|QHIP|||||7664|L|P||||||
T|71
I|842166164|B6|12|wariot1|2015-02-03 00:00:00|2015-03-07 01:03:51|2015-02-02 00:00:00|2015-02-03 00:00:00||17470|System|0|I|1|Y|ABQACK|seattle10|32F|32F658|B6|F|A|||||1922||Salt Lake Support Center|ONGBGB|298.05|22.35|298.05|1000|1|A|4100003|8072||||2125457278||N|QH00AE5U|Y|||||||B6|8072|SLC|ORL|9010001|WEB - B2C / GUEST - USA|2015-01-08 00:00:00|279|QHIP|||||7664|L|P||||||
T|72
I|842166164|B6|12|wariot2|2015-02-03 00:00:00|2015-03-07 01:03:51|2015-02-02 00:00:00|2015-02-03 00:00:00||17470|System|0|I|1|Y|ABQACK|seattle10|32F|32F658|B6|F|A|||||1922||Salt Lake Support Center|ONGBGB|298.05|22.35|298.05|1000|1|A|4100003|8072||||2125457278||N|QH00AE5U|Y|||||||B6|8072|SLC|ORL|9010001|WEB - B2C / GUEST - USA|2015-01-08 00:00:00|279|QHIP|||||7664|L|P||||||
T|73
I|842166164|B6|12|wariot3|2015-02-03 00:00:00|2015-03-07 01:03:51|2015-02-02 00:00:00|2015-02-03 00:00:00||17470|System|0|I|1|Y|ABQACK|seattle10|32F|32F658|B6|F|A|||||1922||Salt Lake Support Center|ONGBGB|298.05|22.35|298.05|1000|1|A|4100003|8072||||2125457278||N|QH00AE5U|Y|||||||B6|8072|SLC|ORL|9010001|WEB - B2C / GUEST - USA|2015-01-08 00:00:00|279|QHIP|||||7664|L|P||||||
T|74
I|842166164|B6|12|wariot4|2015-02-03 00:00:00|2015-03-07 01:03:51|2015-02-02 00:00:00|2015-02-03 00:00:00||17470|System|0|I|1|Y|ABQACK|seattle10|32F|32F658|B6|F|A|||||1922||Salt Lake Support Center|ONGBGB|298.05|22.35|298.05|1000|1|A|4100003|8072||||2125457278||N|QH00AE5U|Y|||||||B6|8072|SLC|ORL|9010001|WEB - B2C / GUEST - USA|2015-01-08 00:00:00|279|QHIP|||||7664|L|P||||||
T|75
I|842166164|B6|12|wariot5|2015-02-03 00:00:00|2015-03-07 01:03:51|2015-02-02 00:00:00|2015-02-03 00:00:00||17470|System|0|I|1|Y|ABQACK|seattle10|32F|32F658|B6|F|A|||||1922||Salt Lake Support Center|ONGBGB|298.05|22.35|298.05|1000|1|A|4100003|8072||||2125457278||N|QH00AE5U|Y|||||||B6|8072|SLC|ORL|9010001|WEB - B2C / GUEST - USA|2015-01-08 00:00:00|279|QHIP|||||7664|L|P||||||
T|76
I|842166164|B6|12|wariot6|2015-02-03 00:00:00|2015-03-07 01:03:51|2015-02-02 00:00:00|2015-02-03 00:00:00||17470|System|0|I|1|Y|ABQACK|seattle10|32F|32F658|B6|F|A|||||1922||Salt Lake Support Center|ONGBGB|298.05|22.35|298.05|1000|1|A|4100003|8072||||2125457278||N|QH00AE5U|Y|||||||B6|8072|SLC|ORL|9010001|WEB - B2C / GUEST - USA|2015-01-08 00:00:00|279|QHIP|||||7664|L|P||||||
T|77
I|842166164|B6|12|wariot7|2015-02-03 00:00:00|2015-03-07 01:03:51|2015-02-02 00:00:00|2015-02-03 00:00:00||17470|System|0|I|1|Y|ABQACK|seattle10|32F|32F658|B6|F|A|||||1922||Salt Lake Support Center|ONGBGB|298.05|22.35|298.05|1000|1|A|4100003|8072||||2125457278||N|QH00AE5U|Y|||||||B6|8072|SLC|ORL|9010001|WEB - B2C / GUEST - USA|2015-01-08 00:00:00|279|QHIP|||||7664|L|P||||||
T|78
I|842166164|B6|12|wariot8|2015-02-03 00:00:00|2015-03-07 01:03:51|2015-02-02 00:00:00|2015-02-03 00:00:00||17470|System|0|I|1|Y|ABQACK|seattle10|32F|32F658|B6|F|A|||||1922||Salt Lake Support Center|ONGBGB|298.05|22.35|298.05|1000|1|A|4100003|8072||||2125457278||N|QH00AE5U|Y|||||||B6|8072|SLC|ORL|9010001|WEB - B2C / GUEST - USA|2015-01-08 00:00:00|279|QHIP|||||7664|L|P||||||
T|79
I|842166164|B6|12|wariot9|2015-02-03 00:00:00|2015-03-07 01:03:51|2015-02-02 00:00:00|2015-02-03 00:00:00||17470|System|0|I|1|Y|ABQACK|seattle10|32F|32F658|B6|F|A|||||1922||Salt Lake Support Center|ONGBGB|298.05|22.35|298.05|1000|1|A|4100003|8072||||2125457278||N|QH00AE5U|Y|||||||B6|8072|SLC|ORL|9010001|WEB - B2C / GUEST - USA|2015-01-08 00:00:00|279|QHIP|||||7664|L|P||||||
T|80
I|842166164|B6|12|wariot0|2015-02-03 00:00:00|2015-03-07 01:03:51|2015-02-02 00:00:00|2015-02-03 00:00:00||17470|System|0|I|1|Y|ABQALB|seattle10|32F|32F658|B6|F|A|||||1922||Salt Lake Support Center|ONGBGB|298.05|22.35|298.05|1000|1|A|4100003|8072||||2125457278||N|QH00AE5U|Y|||||||B6|8072|SLC|ORL|9010001|WEB - B2C / GUEST - USA|2015-01-08 00:00:00|279|QHIP|||||7664|L|P||||||
T|81
I|842166164|B6|12|wariot1|2015-02-03 00:00:00|2015-03-07 01:03:51|2015-02-02 00:00:00|2015-02-03 00:00:00||17470|System|0|I|1|Y|ABQALB|seattle10|32F|32F658|B6|F|A|||||1922||Salt Lake Support Center|ONGBGB|298.05|22.35|298.05|1000|1|A|4100003|8072||||2125457278||N|QH00AE5U|Y|||||||B6|8072|SLC|ORL|9010001|WEB - B2C / GUEST - USA|2015-01-08 00:00:00|279|QHIP|||||7664|L|P||||||
T|82
I|842166164|B6|12|wariot2|2015-02-03 00:00:00|2015-03-07 01:03:51|2015-02-02 00:00:00|2015-02-03 00:00:00||17470|System|0|I|1|Y|ABQALB|seattle10|32F|32F658|B6|F|A|||||1922||Salt Lake Support Center|ONGBGB|298.05|22.35|298.05|1000|1|A|4100003|8072||||2125457278||N|QH00AE5U|Y|||||||B6|8072|SLC|ORL|9010001|WEB - B2C / GUEST - USA|2015-01-08 00:00:00|279|QHIP|||||7664|L|P||||||
T|83
I|842166164|B6|12|wariot3|2015-02-03 00:00:00|2015-03-07 01:03:51|2015-02-02 00:00:00|2015-02-03 00:00:00||17470|System|0|I|1|Y|ABQALB|seattle10|32F|32F658|B6|F|A|||||1922||Salt Lake Support Center|ONGBGB|298.05|22.35|298.05|1000|1|A|4100003|8072||||2125457278||N|QH00AE5U|Y|||||||B6|8072|SLC|ORL|9010001|WEB - B2C / GUEST - USA|2015-01-08 00:00:00|279|QHIP|||||7664|L|P||||||
T|84
I|842166164|B6|12|wariot4|2015-02-03 00:00:00|2015-03-07 01:03:51|2015-02-02 00:00:00|2015-02-03 00:00:00||17470|System|0|I|1|Y|ABQALB|seattle10|32F|32F658|B6|F|A|||||1922||Salt Lake Support Center|ONGBGB|298.05|22.35|298.05|1000|1|A|4100003|8072||||2125457278||N|QH00AE5U|Y|||||||B6|8072|SLC|ORL|9010001|WEB - B2C / GUEST - USA|2015-01-08 00:00:00|279|QHIP|||||7664|L|P||||||
T|85
I|842166164|B6|12|wariot5|2015-02-03 00:00:00|2015-03-07 01:03:51|2015-02-02 00:00:00|2015-02-03 00:00:00||17470|System|0|I|1|Y|ABQALB|seattle10|32F|32F658|B6|F|A|||||1922||Salt Lake Support Center|ONGBGB|298.05|22.35|298.05|1000|1|A|4100003|8072||||2125457278||N|QH00AE5U|Y|||||||B6|8072|SLC|ORL|9010001|WEB - B2C / GUEST - USA|2015-01-08 00:00:00|279|QHIP|||||7664|L|P||||||
T|86
I|842166164|B6|12|wariot6|2015-02-03 00:00:00|2015-03-07 01:03:51|2015-02-02 00:00:00|2015-02-03 00:00:00||17470|System|0|I|1|Y|ABQALB|seattle10|32F|32F658|B6|F|A|||||1922||Salt Lake Support Center|ONGBGB|298.05|22.35|298.05|1000|1|A|4100003|8072||||2125457278||N|QH00AE5U|Y|||||||B6|8072|SLC|ORL|9010001|WEB - B2C / GUEST - USA|2015-01-08 00:00:00|279|QHIP|||||7664|L|P||||||
T|87
I|842166164|B6|12|wariot7|2015-02-03 00:00:00|2015-03-07 01:03:51|2015-02-02 00:00:00|2015-02-03 00:00:00||17470|System|0|I|1|Y|ABQALB|seattle10|32F|32F658|B6|F|A|||||1922||Salt Lake Support Center|ONGBGB|298.05|22.35|298.05|1000|1|A|4100003|8072||||2125457278||N|QH00AE5U|Y|||||||B6|8072|SLC|ORL|9010001|WEB - B2C / GUEST - USA|2015-01-08 00:00:00|279|QHIP|||||7664|L|P||||||
T|88
I|842166164|B6|12|wariot8|2015-02-03 00:00:00|2015-03-07 01:03:51|2015-02-02 00:00:00|2015-02-03 00:00:00||17470|System|0|I|1|Y|ABQALB|seattle10|32F|32F658|B6|F|A|||||1922||Salt Lake Support Center|ONGBGB|298.05|22.35|298.05|1000|1|A|4100003|8072||||2125457278||N|QH00AE5U|Y|||||||B6|8072|SLC|ORL|9010001|WEB - B2C / GUEST - USA|2015-01-08 00:00:00|279|QHIP|||||7664|L|P||||||
T|89
I|842166164|B6|12|wariot9|2015-02-03 00:00:00|2015-03-07 01:03:51|2015-02-02 00:00:00|2015-02-03 00:00:00||17470|System|0|I|1|Y|ABQALB|seattle10|32F|32F658|B6|F|A|||||1922||Salt Lake Support Center|ONGBGB|298.05|22.35|298.05|1000|1|A|4100003|8072||||2125457278||N|QH00AE5U|Y|||||||B6|8072|SLC|ORL|9010001|WEB - B2C / GUEST - USA|2015-01-08 00:00:00|279|QHIP|||||7664|L|P||||||
T|90
I|842166164|B6|12|wariot0|2015-02-03 00:00:00|2015-03-07 01:03:51|2015-02-02 00:00:00|2015-02-03 00:00:00||17470|System|0|I|1|Y|ABQANU|seattle10|32F|32F658|B6|F|A|||||1922||Salt Lake Support Center|ONGBGB|298.05|22.35|298.05|1000|1|A|4100003|8072||||2125457278||N|QH00AE5U|Y|||||||B6|8072|SLC|ORL|9010001|WEB - B2C / GUEST - USA|2015-01-08 00:00:00|279|QHIP|||||7664|L|P||||||
T|91
I|842166164|B6|12|wariot1|2015-02-03 00:00:00|2015-03-07 01:03:51|2015-02-02 00:00:00|2015-02-03 00:00:00||17470|System|0|I|1|Y|ABQANU|seattle10|32F|32F658|B6|F|A|||||1922||Salt Lake Support Center|ONGBGB|298.05|22.35|298.05|1000|1|A|4100003|8072||||2125457278||N|QH00AE5U|Y|||||||B6|8072|SLC|ORL|9010001|WEB - B2C / GUEST - USA|2015-01-08 00:00:00|279|QHIP|||||7664|L|P||||||
T|92
I|842166164|B6|12|wariot2|2015-02-03 00:00:00|2015-03-07 01:03:51|2015-02-02 00:00:00|2015-02-03 00:00:00||17470|System|0|I|1|Y|ABQANU|seattle10|32F|32F658|B6|F|A|||||1922||Salt Lake Support Center|ONGBGB|298.05|22.35|298.05|1000|1|A|4100003|8072||||2125457278||N|QH00AE5U|Y|||||||B6|8072|SLC|ORL|9010001|WEB - B2C / GUEST - USA|2015-01-08 00:00:00|279|QHIP|||||7664|L|P||||||
T|93
I|842166164|B6|12|wariot3|2015-02-03 00:00:00|2015-03-07 01:03:51|2015-02-02 00:00:00|2015-02-03 00:00:00||17470|System|0|I|1|Y|ABQANU|seattle10|32F|32F658|B6|F|A|||||1922||Salt Lake Support Center|ONGBGB|298.05|22.35|298.05|1000|1|A|4100003|8072||||2125457278||N|QH00AE5U|Y|||||||B6|8072|SLC|ORL|9010001|WEB - B2C / GUEST - USA|2015-01-08 00:00:00|279|QHIP|||||7664|L|P||||||
T|94
I|842166164|B6|12|wariot4|2015-02-03 00:00:00|2015-03-07 01:03:51|2015-02-02 00:00:00|2015-02-03 00:00:00||17470|System|0|I|1|Y|ABQANU|seattle10|32F|32F658|B6|F|A|||||1922||Salt Lake Support Center|ONGBGB|298.05|22.35|298.05|1000|1|A|4100003|8072||||2125457278||N|QH00AE5U|Y|||||||B6|8072|SLC|ORL|9010001|WEB - B2C / GUEST - USA|2015-01-08 00:00:00|279|QHIP|||||7664|L|P||||||
T|95
I|842166164|B6|12|wariot5|2015-02-03 00:00:00|2015-03-07 01:03:51|2015-02-02 00:00:00|2015-02-03 00:00:00||17470|System|0|I|1|Y|ABQANU|seattle10|32F|32F658|B6|F|A|||||1922||Salt Lake Support Center|ONGBGB|298.05|22.35|298.05|1000|1|A|4100003|8072||||2125457278||N|QH00AE5U|Y|||||||B6|8072|SLC|ORL|9010001|WEB - B2C / GUEST - USA|2015-01-08 00:00:00|279|QHIP|||||7664|L|P||||||
T|96
I|842166164|B6|12|wariot6|2015-02-03 00:00:00|2015-03-07 01:03:51|2015-02-02 00:00:00|2015-02-03 00:00:00||17470|System|0|I|1|Y|ABQANU|seattle10|32F|32F658|B6|F|A|||||1922||Salt Lake Support Center|ONGBGB|298.05|22.35|298.05|1000|1|A|4100003|8072||||2125457278||N|QH00AE5U|Y|||||||B6|8072|SLC|ORL|9010001|WEB - B2C / GUEST - USA|2015-01-08 00:00:00|279|QHIP|||||7664|L|P||||||
T|97
I|842166164|B6|12|wariot7|2015-02-03 00:00:00|2015-03-07 01:03:51|2015-02-02 00:00:00|2015-02-03 00:00:00||17470|System|0|I|1|Y|ABQANU|seattle10|32F|32F658|B6|F|A|||||1922||Salt Lake Support Center|ONGBGB|298.05|22.35|298.05|1000|1|A|4100003|8072||||2125457278||N|QH00AE5U|Y|||||||B6|8072|SLC|ORL|9010001|WEB - B2C / GUEST - USA|2015-01-08 00:00:00|279|QHIP|||||7664|L|P||||||
T|98
I|842166164|B6|12|wariot8|2015-02-03 00:00:00|2015-03-07 01:03:51|2015-02-02 00:00:00|2015-02-03 00:00:00||17470|System|0|I|1|Y|ABQANU|seattle10|32F|32F658|B6|F|A|||||1922||Salt Lake Support Center|ONGBGB|298.05|22.35|298.05|1000|1|A|4100003|8072||||2125457278||N|QH00AE5U|Y|||||||B6|8072|SLC|ORL|9010001|WEB - B2C / GUEST - USA|2015-01-08 00:00:00|279|QHIP|||||7664|L|P||||||
T|99
I|842166164|B6|12|wariot9|2015-02-03 00:00:00|2015-03-07 01:03:51|2015-02-02 00:00:00|2015-02-03 00:00:00||17470|System|0|I|1|Y|ABQANU|seattle10|32F|32F658|B6|F|A|||||1922||Salt Lake Support Center|ONGBGB|298.05|22.35|298.05|1000|1|A|4100003|8072||||2125457278||N|QH00AE5U|Y|||||||B6|8072|SLC|ORL|9010001|WEB - B2C / GUEST - USA|2015-01-08 00:00:00|279|QHIP|||||7664|L|P||||||
T|100
I|842166164|B6|12|wariot0|2015-02-03 00:00:00|2015-03-07 01:03:51|2015-02-02 00:00:00|2015-02-03 00:00:00||17470|System|0|I|1|Y|ACKANC|seattle10|32F|32F658|B6|F|A|||||1922||Salt Lake Support Center|ONGBGB|298.05|22.35|298.05|1000|1|A|4100003|8072||||2125457278||N|QH00AE5U|Y|||||||B6|8072|SLC|ORL|9010001|WEB - B2C / GUEST - USA|2015-01-08 00:00:00|279|QHIP|||||7664|L|P||||||
T|101
I|842166164|B6|12|wariot1|2015-02-03 00:00:00|2015-03-07 01:03:51|2015-02-02 00:00:00|2015-02-03 00:00:00||17470|System|0|I|1|Y|ACKANC|seattle10|32F|32F658|B6|F|A|||||1922||Salt Lake Support Center|ONGBGB|298.05|22.35|298.05|1000|1|A|4100003|8072||||2125457278||N|QH00AE5U|Y|||||||B6|8072|SLC|ORL|9010001|WEB - B2C / GUEST - USA|2015-01-08 00:00:00|279|QHIP|||||7664|L|P||||||
T|102
I|842166164|B6|12|wariot2|2015-02-03 00:00:00|2015-03-07 01:03:51|2015-02-02 00:00:00|2015-02-03 00:00:00||17470|System|0|I|1|Y|ACKANC|seattle10|32F|32F658|B6|F|A|||||1922||Salt Lake Support Center|ONGBGB|298.05|22.35|298.05|1000|1|A|4100003|8072||||2125457278||N|QH00AE5U|Y|||||||B6|8072|SLC|ORL|9010001|WEB - B2C / GUEST - USA|2015-01-08 00:00:00|279|QHIP|||||7664|L|P||||||
T|103
I|842166164|B6|12|wariot3|2015-02-03 00:00:00|2015-03-07 01:03:51|2015-02-02 00:00:00|2015-02-03 00:00:00||17470|System|0|I|1|Y|ACKANC|seattle10|32F|32F658|B6|F|A|||||1922||Salt Lake Support Center|ONGBGB|298.05|22.35|298.05|1000|1|A|4100003|8072||||2125457278||N|QH00AE5U|Y|||||||B6|8072|SLC|ORL|9010001|WEB - B2C / GUEST - USA|2015-01-08 00:00:00|279|QHIP|||||7664|L|P||||||
T|104
I|842166164|B6|12|wariot4|2015-02-03 00:00:00|2015-03-07 01:03:51|2015-02-02 00:00:00|2015-02-03 00:00:00||17470|System|0|I|1|Y|ACKANC|seattle10|32F|32F658|B6|F|A|||||1922||Salt Lake Support Center|ONGBGB|298.05|22.35|298.05|1000|1|A|4100003|8072||||2125457278||N|QH00AE5U|Y|||||||B6|8072|SLC|ORL|9010001|WEB - B2C / GUEST - USA|2015-01-08 00:00:00|279|QHIP|||||7664|L|P||||||
T|105
I|842166164|B6|12|wariot5|2015-02-03 00:00:00|2015-03-07 01:03:51|2015-02-02 00:00:00|2015-02-03 00:00:00||17470|System|0|I|1|Y|ACKANC|seattle10|32F|32F658|B6|F|A|||||1922||Salt Lake Support Center|ONGBGB|298.05|22.35|298.05|1000|1|A|4100003|8072||||2125457278||N|QH00AE5U|Y|||||||B6|8072|SLC|ORL|9010001|WEB - B2C / GUEST - USA|2015-01-08 00:00:00|279|QHIP|||||7664|L|P||||||
T|106
I|842166164|B6|12|wariot6|2015-02-03 00:00:00|2015-03-07 01:03:51|2015-02-02 00:00:00|2015-02-03 00:00:00||17470|System|0|I|1|Y|ACKANC|seattle10|32F|32F658|B6|F|A|||||1922||Salt Lake Support Center|ONGBGB|298.05|22.35|298.05|1000|1|A|4100003|8072||||2125457278||N|QH00AE5U|Y|||||||B6|8072|SLC|ORL|9010001|WEB - B2C / GUEST - USA|2015-01-08 00:00:00|279|QHIP|||||7664|L|P||||||
T|107
I|842166164|B6|12|wariot7|2015-02-03 00:00:00|2015-03-07 01:03:51|2015-02-02 00:00:00|2015-02-03 00:00:00||17470|System|0|I|1|Y|ACKANC|seattle10|32F|32F658|B6|F|A|||||1922||Salt Lake Support Center|ONGBGB|298.05|22.35|298.05|1000|1|A|4100003|8072||||2125457278||N|QH00AE5U|Y|||||||B6|8072|SLC|ORL|9010001|WEB - B2C / GUEST - USA|2015-01-08 00:00:00|279|QHIP|||||7664|L|P||||||
T|108
I|842166164|B6|12|wariot8|2015-02-03 00:00:00|2015-03-07 01:03:51|2015-02-02 00:00:00|2015-02-03 00:00:00||17470|System|0|I|1|Y|ACKANC|seattle10|32F|32F658|B6|F|A|||||1922||Salt Lake Support Center|ONGBGB|298.05|22.35|298.05|1000|1|A|4100003|8072||||2125457278||N|QH00AE5U|Y|||||||B6|8072|SLC|ORL|9010001|WEB - B2C / GUEST - USA|2015-01-08 00:00:00|279|QHIP|||||7664|L|P||||||
T|109
I|842166164|B6|12|wariot9|2015-02-03 00:00:00|2015-03-07 01:03:51|2015-02-02 00:00:00|2015-02-03 00:00:00||17470|System|0|I|1|Y|ACKANC|seattle10|32F|32F658|B6|F|A|||||1922||Salt Lake Support Center|ONGBGB|298.05|22.35|298.05|1000|1|A|4100003|8072||||2125457278||N|QH00AE5U|Y|||||||B6|8072|SLC|ORL|9010001|WEB - B2C / GUEST - USA|2015-01-08 00:00:00|279|QHIP|||||7664|L|P||||||
T|110
I|842166164|B6|12|wariot0|2015-02-03 00:00:00|2015-03-07 01:03:51|2015-02-02 00:00:00|2015-02-03 00:00:00||17470|System|0|I|1|Y|ACKABQ|seattle10|32F|32F658|B6|F|A|||||1922||Salt Lake Support Center|ONGBGB|298.05|22.35|298.05|1000|1|A|4100003|8072||||2125457278||N|QH00AE5U|Y|||||||B6|8072|SLC|ORL|9010001|WEB - B2C / GUEST - USA|2015-01-08 00:00:00|279|QHIP|||||7664|L|P||||||
T|111
I|842166164|B6|12|wariot1|2015-02-03 00:00:00|2015-03-07 01:03:51|2015-02-02 00:00:00|2015-02-03 00:00:00||17470|System|0|I|1|Y|ACKABQ|seattle10|32F|32F658|B6|F|A|||||1922||Salt Lake Support Center|ONGBGB|298.05|22.35|298.05|1000|1|A|4100003|8072||||2125457278||N|QH00AE5U|Y|||||||B6|8072|SLC|ORL|9010001|WEB - B2C / GUEST - USA|2015-01-08 00:00:00|279|QHIP|||||7664|L|P||||||
T|112
I|842166164|B6|12|wariot2|2015-02-03 00:00:00|2015-03-07 01:03:51|2015-02-02 00:00:00|2015-02-03 00:00:00||17470|System|0|I|1|Y|ACKABQ|seattle10|32F|32F658|B6|F|A|||||1922||Salt Lake Support Center|ONGBGB|298.05|22.35|298.05|1000|1|A|4100003|8072||||2125457278||N|QH00AE5U|Y|||||||B6|8072|SLC|ORL|9010001|WEB - B2C / GUEST - USA|2015-01-08 00:00:00|279|QHIP|||||7664|L|P||||||
T|113
I|842166164|B6|12|wariot3|2015-02-03 00:00:00|2015-03-07 01:03:51|2015-02-02 00:00:00|2015-02-03 00:00:00||17470|System|0|I|1|Y|ACKABQ|seattle10|32F|32F658|B6|F|A|||||1922||Salt Lake Support Center|ONGBGB|298.05|22.35|298.05|1000|1|A|4100003|8072||||2125457278||N|QH00AE5U|Y|||||||B6|8072|SLC|ORL|9010001|WEB - B2C / GUEST - USA|2015-01-08 00:00:00|279|QHIP|||||7664|L|P||||||
T|114
I|842166164|B6|12|wariot4|2015-02-03 00:00:00|2015-03-07 01:03:51|2015-02-02 00:00:00|2015-02-03 00:00:00||17470|System|0|I|1|Y|ACKABQ|seattle10|32F|32F658|B6|F|A|||||1922||Salt Lake Support Center|ONGBGB|298.05|22.35|298.05|1000|1|A|4100003|8072||||2125457278||N|QH00AE5U|Y|||||||B6|8072|SLC|ORL|9010001|WEB - B2C / GUEST - USA|2015-01-08 00:00:00|279|QHIP|||||7664|L|P||||||
T|115
I|842166164|B6|12|wariot5|2015-02-03 00:00:00|2015-03-07 01:03:51|2015-02-02 00:00:00|2015-02-03 00:00:00||17470|System|0|I|1|Y|ACKABQ|seattle10|32F|32F658|B6|F|A|||||1922||Salt Lake Support Center|ONGBGB|298.05|22.35|298.05|1000|1|A|4100003|8072||||2125457278||N|QH00AE5U|Y|||||||B6|8072|SLC|ORL|9010001|WEB - B2C / GUEST - USA|2015-01-08 00:00:00|279|QHIP|||||7664|L|P||||||
T|116
I|842166164|B6|12|wariot6|2015-02-03 00:00:00|2015-03-07 01:03:51|2015-02-02 00:00:00|2015-02-03 00:00:00||17470|System|0|I|1|Y|ACKABQ|seattle10|32F|32F658|B6|F|A|||||1922||Salt Lake Support Center|ONGBGB|298.05|22.35|298.05|1000|1|A|4100003|8072||||2125457278||N|QH00AE5U|Y|||||||B6|8072|SLC|ORL|9010001|WEB - B2C / GUEST - USA|2015-01-08 00:00:00|279|QHIP|||||7664|L|P||||||
T|117
I|842166164|B6|12|wariot7|2015-02-03 00:00:00|2015-03-07 01:03:51|2015-02-02 00:00:00|2015-02-03 00:00:00||17470|System|0|I|1|Y|ACKABQ|seattle10|32F|32F658|B6|F|A|||||1922||Salt Lake Support Center|ONGBGB|298.05|22.35|298.05|1000|1|A|4100003|8072||||2125457278||N|QH00AE5U|Y|||||||B6|8072|SLC|ORL|9010001|WEB - B2C / GUEST - USA|2015-01-08 00:00:00|279|QHIP|||||7664|L|P||||||
T|118
I|842166164|B6|12|wariot8|2015-02-03 00:00:00|2015-03-07 01:03:51|2015-02-02 00:00:00|2015-02-03 00:00:00||17470|System|0|I|1|Y|ACKABQ|seattle10|32F|32F658|B6|F|A|||||1922||Salt Lake Support Center|ONGBGB|298.05|22.35|298.05|1000|1|A|4100003|8072||||2125457278||N|QH00AE5U|Y|||||||B6|8072|SLC|ORL|9010001|WEB - B2C / GUEST - USA|2015-01-08 00:00:00|279|QHIP|||||7664|L|P||||||
T|119
I|842166164|B6|12|wariot9|2015-02-03 00:00:00|2015-03-07 01:03:51|2015-02-02 00:00:00|2015-02-03 00:00:00||17470|System|0|I|1|Y|ACKABQ|seattle10|32F|32F658|B6|F|A|||||1922||Salt Lake Support Center|ONGBGB|298.05|22.35|298.05|1000|1|A|4100003|8072||||2125457278||N|QH00AE5U|Y|||||||B6|8072|SLC|ORL|9010001|WEB - B2C / GUEST - USA|2015-01-08 00:00:00|279|QHIP|||||7664|L|P||||||
T|120
I|842166164|B6|12|wariot0|2015-02-03 00:00:00|2015-03-07 01:03:51|2015-02-02 00:00:00|2015-02-03 00:00:00||17470|System|0|I|1|Y|ACKACK|seattle10|32F|32F658|B6|F|A|||||1922||Salt Lake Support Center|ONGBGB|298.05|22.35|298.05|1000|1|A|4100003|8072||||2125457278||N|QH00AE5U|Y|||||||B6|8072|SLC|ORL|9010001|WEB - B2C / GUEST - USA|2015-01-08 00:00:00|279|QHIP|||||7664|L|P||||||
T|121
I|842166164|B6|12|wariot1|2015-02-03 00:00:00|2015-03-07 01:03:51|2015-02-02 00:00:00|2015-02-03 00:00:00||17470|System|0|I|1|Y|ACKACK|seattle10|32F|32F658|B6|F|A|||||1922||Salt Lake Support Center|ONGBGB|298.05|22.35|298.05|1000|1|A|4100003|8072||||2125457278||N|QH00AE5U|Y|||||||B6|8072|SLC|ORL|9010001|WEB - B2C / GUEST - USA|2015-01-08 00:00:00|279|QHIP|||||7664|L|P||||||
T|122
I|842166164|B6|12|wariot2|2015-02-03 00:00:00|2015-03-07 01:03:51|2015-02-02 00:00:00|2015-02-03 00:00:00||17470|System|0|I|1|Y|ACKACK|seattle10|32F|32F658|B6|F|A|||||1922||Salt Lake Support Center|ONGBGB|298.05|22.35|298.05|1000|1|A|4100003|8072||||2125457278||N|QH00AE5U|Y|||||||B6|8072|SLC|ORL|9010001|WEB - B2C / GUEST - USA|2015-01-08 00:00:00|279|QHIP|||||7664|L|P||||||
T|123
I|842166164|B6|12|wariot3|2015-02-03 00:00:00|2015-03-07 01:03:51|2015-02-02 00:00:00|2015-02-03 00:00:00||17470|System|0|I|1|Y|ACKACK|seattle10|32F|32F658|B6|F|A|||||1922||Salt Lake Support Center|ONGBGB|298.05|22.35|298.05|1000|1|A|4100003|8072||||2125457278||N|QH00AE5U|Y|||||||B6|8072|SLC|ORL|9010001|WEB - B2C / GUEST - USA|2015-01-08 00:00:00|279|QHIP|||||7664|L|P||||||
T|124
I|842166164|B6|12|wariot4|2015-02-03 00:00:00|2015-03-07 01:03:51|2015-02-02 00:00:00|2015-02-03 00:00:00||17470|System|0|I|1|Y|ACKACK|seattle10|32F|32F658|B6|F|A|||||1922||Salt Lake Support Center|ONGBGB|298.05|22.35|298.05|1000|1|A|4100003|8072||||2125457278||N|QH00AE5U|Y|||||||B6|8072|SLC|ORL|9010001|WEB - B2C / GUEST - USA|2015-01-08 00:00:00|279|QHIP|||||7664|L|P||||||
T|125
I|842166164|B6|12|wariot5|2015-02-03 00:00:00|2015-03-07 01:03:51|2015-02-02 00:00:00|2015-02-03 00:00:00||17470|System|0|I|1|Y|ACKACK|seattle10|32F|32F658|B6|F|A|||||1922||Salt Lake Support Center|ONGBGB|298.05|22.35|298.05|1000|1|A|4100003|8072||||2125457278||N|QH00AE5U|Y|||||||B6|8072|SLC|ORL|9010001|WEB - B2C / GUEST - USA|2015-01-08 00:00:00|279|QHIP|||||7664|L|P||||||
T|126
I|842166164|B6|12|wariot6|2015-02-03 00:00:00|2015-03-07 01:03:51|2015-02-02 00:00:00|2015-02-03 00:00:00||17470|System|0|I|1|Y|ACKACK|seattle10|32F|32F658|B6|F|A|||||1922||Salt Lake Support Center|ONGBGB|298.05|22.35|298.05|1000|1|A|4100003|8072||||2125457278||N|QH00AE5U|Y|||||||B6|8072|SLC|ORL|9010001|WEB - B2C / GUEST - USA|2015-01-08 00:00:00|279|QHIP|||||7664|L|P||||||
T|127
I|842166164|B6|12|wariot7|2015-02-03 00:00:00|2015-03-07 01:03:51|2015-02-02 00:00:00|2015-02-03 00:00:00||17470|System|0|I|1|Y|ACKACK|seattle10|32F|32F658|B6|F|A|||||1922||Salt Lake Support Center|ONGBGB|298.05|22.35|298.05|1000|1|A|4100003|8072||||2125457278||N|QH00AE5U|Y|||||||B6|8072|SLC|ORL|9010001|WEB - B2C / GUEST - USA|2015-01-08 00:00:00|279|QHIP|||||7664|L|P||||||
T|128
I|842166164|B6|12|wariot8|2015-02-03 00:00:00|2015-03-07 01:03:51|2015-02-02 00:00:00|2015-02-03 00:00:00||17470|System|0|I|1|Y|ACKACK|seattle10|32F|32F658|B6|F|A|||||1922||Salt Lake Support Center|ONGBGB|298.05|22.35|298.05|1000|1|A|4100003|8072||||2125457278||N|QH00AE5U|Y|||||||B6|8072|SLC|ORL|9010001|WEB - B2C / GUEST - USA|2015-01-08 00:00:00|279|QHIP|||||7664|L|P||||||
T|129
I|842166164|B6|12|wariot9|2015-02-03 00:00:00|2015-03-07 01:03:51|2015-02-02 00:00:00|2015-02-03 00:00:00||17470|System|0|I|1|Y|ACKACK|seattle10|32F|32F658|B6|F|A|||||1922||Salt Lake Support Center|ONGBGB|298.05|22.35|298.05|1000|1|A|4100003|8072||||2125457278||N|QH00AE5U|Y|||||||B6|8072|SLC|ORL|9010001|WEB - B2C / GUEST - USA|2015-01-08 00:00:00|279|QHIP|||||7664|L|P||||||
T|130
I|842166164|B6|12|wariot0|2015-02-03 00:00:00|2015-03-07 01:03:51|2015-02-02 00:00:00|2015-02-03 00:00:00||17470|System|0|I|1|Y|ACKALB|seattle10|32F|32F658|B6|F|A|||||1922||Salt Lake Support Center|ONGBGB|298.05|22.35|298.05|1000|1|A|4100003|8072||||2125457278||N|QH00AE5U|Y|||||||B6|8072|SLC|ORL|9010001|WEB - B2C / GUEST - USA|2015-01-08 00:00:00|279|QHIP|||||7664|L|P||||||
T|131
I|842166164|B6|12|wariot1|2015-02-03 00:00:00|2015-03-07 01:03:51|2015-02-02 00:00:00|2015-02-03 00:00:00||17470|System|0|I|1|Y|ACKALB|seattle10|32F|32F658|B6|F|A|||||1922||Salt Lake Support Center|ONGBGB|298.05|22.35|298.05|1000|1|A|4100003|8072||||2125457278||N|QH00AE5U|Y|||||||B6|8072|SLC|ORL|9010001|WEB - B2C / GUEST - USA|2015-01-08 00:00:00|279|QHIP|||||7664|L|P||||||
T|132
I|842166164|B6|12|wariot2|2015-02-03 00:00:00|2015-03-07 01:03:51|2015-02-02 00:00:00|2015-02-03 00:00:00||17470|System|0|I|1|Y|ACKALB|seattle10|32F|32F658|B6|F|A|||||1922||Salt Lake Support Center|ONGBGB|298.05|22.35|298.05|1000|1|A|4100003|8072||||2125457278||N|QH00AE5U|Y|||||||B6|8072|SLC|ORL|9010001|WEB - B2C / GUEST - USA|2015-01-08 00:00:00|279|QHIP|||||7664|L|P||||||
T|133
I|842166164|B6|12|wariot3|2015-02-03 00:00:00|2015-03-07 01:03:51|2015-02-02 00:00:00|2015-02-03 00:00:00||17470|System|0|I|1|Y|ACKALB|seattle10|32F|32F658|B6|F|A|||||1922||Salt Lake Support Center|ONGBGB|298.05|22.35|298.05|1000|1|A|4100003|8072||||2125457278||N|QH00AE5U|Y|||||||B6|8072|SLC|ORL|9010001|WEB - B2C / GUEST - USA|2015-01-08 00:00:00|279|QHIP|||||7664|L|P||||||
T|134
I|842166164|B6|12|wariot4|2015-02-03 00:00:00|2015-03-07 01:03:51|2015-02-02 00:00:00|2015-02-03 00:00:00||17470|System|0|I|1|Y|ACKALB|seattle10|32F|32F658|B6|F|A|||||1922||Salt Lake Support Center|ONGBGB|298.05|22.35|298.05|1000|1|A|4100003|8072||||2125457278||N|QH00AE5U|Y|||||||B6|8072|SLC|ORL|9010001|WEB - B2C / GUEST - USA|2015-01-08 00:00:00|279|QHIP|||||7664|L|P||||||
T|135
I|842166164|B6|12|wariot5|2015-02-03 00:00:00|2015-03-07 01:03:51|2015-02-02 00:00:00|2015-02-03 00:00:00||17470|System|0|I|1|Y|ACKALB|seattle10|32F|32F658|B6|F|A|||||1922||Salt Lake Support Center|ONGBGB|298.05|22.35|298.05|1000|1|A|4100003|8072||||2125457278||N|QH00AE5U|Y|||||||B6|8072|SLC|ORL|9010001|WEB - B2C / GUEST - USA|2015-01-08 00:00:00|279|QHIP|||||7664|L|P||||||
T|136
I|842166164|B6|12|wariot6|2015-02-03 00:00:00|2015-03-07 01:03:51|2015-02-02 00:00:00|2015-02-03 00:00:00||17470|System|0|I|1|Y|ACKALB|seattle10|32F|32F658|B6|F|A|||||1922||Salt Lake Support Center|ONGBGB|298.05|22.35|298.05|1000|1|A|4100003|8072||||2125457278||N|QH00AE5U|Y|||||||B6|8072|SLC|ORL|9010001|WEB - B2C / GUEST - USA|2015-01-08 00:00:00|279|QHIP|||||7664|L|P||||||
T|137
I|842166164|B6|12|wariot7|2015-02-03 00:00:00|2015-03-07 01:03:51|2015-02-02 00:00:00|2015-02-03 00:00:00||17470|System|0|I|1|Y|ACKALB|seattle10|32F|32F658|B6|F|A|||||1922||Salt Lake Support Center|ONGBGB|298.05|22.35|298.05|1000|1|A|4100003|8072||||2125457278||N|QH00AE5U|Y|||||||B6|8072|SLC|ORL|9010001|WEB - B2C / GUEST - USA|2015-01-08 00:00:00|279|QHIP|||||7664|L|P||||||
T|138
I|842166164|B6|12|wariot8|2015-02-03 00:00:00|2015-03-07 01:03:51|2015-02-02 00:00:00|2015-02-03 00:00:00||17470|System|0|I|1|Y|ACKALB|seattle10|32F|32F658|B6|F|A|||||1922||Salt Lake Support Center|ONGBGB|298.05|22.35|298.05|1000|1|A|4100003|8072||||2125457278||N|QH00AE5U|Y|||||||B6|8072|SLC|ORL|9010001|WEB - B2C / GUEST - USA|2015-01-08 00:00:00|279|QHIP|||||7664|L|P||||||
T|139
I|842166164|B6|12|wariot9|2015-02-03 00:00:00|2015-03-07 01:03:51|2015-02-02 00:00:00|2015-02-03 00:00:00||17470|System|0|I|1|Y|ACKALB|seattle10|32F|32F658|B6|F|A|||||1922||Salt Lake Support Center|ONGBGB|298.05|22.35|298.05|1000|1|A|4100003|8072||||2125457278||N|QH00AE5U|Y|||||||B6|8072|SLC|ORL|9010001|WEB - B2C / GUEST - USA|2015-01-08 00:00:00|279|QHIP|||||7664|L|P||||||
T|140
I|842166164|B6|12|wariot0|2015-02-03 00:00:00|2015-03-07 01:03:51|2015-02-02 00:00:00|2015-02-03 00:00:00||17470|System|0|I|1|Y|ACKANU|seattle10|32F|32F658|B6|F|A|||||1922||Salt Lake Support Center|ONGBGB|298.05|22.35|298.05|1000|1|A|4100003|8072||||2125457278||N|QH00AE5U|Y|||||||B6|8072|SLC|ORL|9010001|WEB - B2C / GUEST - USA|2015-01-08 00:00:00|279|QHIP|||||7664|L|P||||||
T|141
I|842166164|B6|12|wariot1|2015-02-03 00:00:00|2015-03-07 01:03:51|2015-02-02 00:00:00|2015-02-03 00:00:00||17470|System|0|I|1|Y|ACKANU|seattle10|32F|32F658|B6|F|A|||||1922||Salt Lake Support Center|ONGBGB|298.05|22.35|298.05|1000|1|A|4100003|8072||||2125457278||N|QH00AE5U|Y|||||||B6|8072|SLC|ORL|9010001|WEB - B2C / GUEST - USA|2015-01-08 00:00:00|279|QHIP|||||7664|L|P||||||
T|142
I|842166164|B6|12|wariot2|2015-02-03 00:00:00|2015-03-07 01:03:51|2015-02-02 00:00:00|2015-02-03 00:00:00||17470|System|0|I|1|Y|ACKANU|seattle10|32F|32F658|B6|F|A|||||1922||Salt Lake Support Center|ONGBGB|298.05|22.35|298.05|1000|1|A|4100003|8072||||2125457278||N|QH00AE5U|Y|||||||B6|8072|SLC|ORL|9010001|WEB - B2C / GUEST - USA|2015-01-08 00:00:00|279|QHIP|||||7664|L|P||||||
T|143
I|842166164|B6|12|wariot3|2015-02-03 00:00:00|2015-03-07 01:03:51|2015-02-02 00:00:00|2015-02-03 00:00:00||17470|System|0|I|1|Y|ACKANU|seattle10|32F|32F658|B6|F|A|||||1922||Salt Lake Support Center|ONGBGB|298.05|22.35|298.05|1000|1|A|4100003|8072||||2125457278||N|QH00AE5U|Y|||||||B6|8072|SLC|ORL|9010001|WEB - B2C / GUEST - USA|2015-01-08 00:00:00|279|QHIP|||||7664|L|P||||||
T|144
I|842166164|B6|12|wariot4|2015-02-03 00:00:00|2015-03-07 01:03:51|2015-02-02 00:00:00|2015-02-03 00:00:00||17470|System|0|I|1|Y|ACKANU|seattle10|32F|32F658|B6|F|A|||||1922||Salt Lake Support Center|ONGBGB|298.05|22.35|298.05|1000|1|A|4100003|8072||||2125457278||N|QH00AE5U|Y|||||||B6|8072|SLC|ORL|9010001|WEB - B2C / GUEST - USA|2015-01-08 00:00:00|279|QHIP|||||7664|L|P||||||
T|145
I|842166164|B6|12|wariot5|2015-02-03 00:00:00|2015-03-07 01:03:51|2015-02-02 00:00:00|2015-02-03 00:00:00||17470|System|0|I|1|Y|ACKANU|seattle10|32F|32F658|B6|F|A|||||1922||Salt Lake Support Center|ONGBGB|298.05|22.35|298.05|1000|1|A|4100003|8072||||2125457278||N|QH00AE5U|Y|||||||B6|8072|SLC|ORL|9010001|WEB - B2C / GUEST - USA|2015-01-08 00:00:00|279|QHIP|||||7664|L|P||||||
T|146
I|842166164|B6|12|wariot6|2015-02-03 00:00:00|2015-03-07 01:03:51|2015-02-02 00:00:00|2015-02-03 00:00:00||17470|System|0|I|1|Y|ACKANU|seattle10|32F|32F658|B6|F|A|||||1922||Salt Lake Support Center|ONGBGB|298.05|22.35|298.05|1000|1|A|4100003|8072||||2125457278||N|QH00AE5U|Y|||||||B6|8072|SLC|ORL|9010001|WEB - B2C / GUEST - USA|2015-01-08 00:00:00|279|QHIP|||||7664|L|P||||||
T|147
I|842166164|B6|12|wariot7|2015-02-03 00:00:00|2015-03-07 01:03:51|2015-02-02 00:00:00|2015-02-03 00:00:00||17470|System|0|I|1|Y|ACKANU|seattle10|32F|32F658|B6|F|A|||||1922||Salt Lake Support Center|ONGBGB|298.05|22.35|298.05|1000|1|A|4100003|8072||||2125457278||N|QH00AE5U|Y|||||||B6|8072|SLC|ORL|9010001|WEB - B2C / GUEST - USA|2015-01-08 00:00:00|279|QHIP|||||7664|L|P||||||
T|148
I|842166164|B6|12|wariot8|2015-02-03 00:00:00|2015-03-07 01:03:51|2015-02-02 00:00:00|2015-02-03 00:00:00||17470|System|0|I|1|Y|ACKANU|seattle10|32F|32F658|B6|F|A|||||1922||Salt Lake Support Center|ONGBGB|298.05|22.35|298.05|1000|1|A|4100003|8072||||2125457278||N|QH00AE5U|Y|||||||B6|8072|SLC|ORL|9010001|WEB - B2C / GUEST - USA|2015-01-08 00:00:00|279|QHIP|||||7664|L|P||||||
T|149
I|842166164|B6|12|wariot9|2015-02-03 00:00:00|2015-03-07 01:03:51|2015-02-02 00:00:00|2015-02-03 00:00:00||17470|System|0|I|1|Y|ACKANU|seattle10|32F|32F658|B6|F|A|||||1922||Salt Lake Support Center|ONGBGB|298.05|22.35|298.05|1000|1|A|4100003|8072||||2125457278||N|QH00AE5U|Y|||||||B6|8072|SLC|ORL|9010001|WEB - B2C / GUEST - USA|2015-01-08 00:00:00|279|QHIP|||||7664|L|P||||||
T|150
I|842166164|B6|12|wariot0|2015-02-03 00:00:00|2015-03-07 01:03:51|2015-02-02 00:00:00|2015-02-03 00:00:00||17470|System|0|I|1|Y|ALBANC|seattle10|32F|32F658|B6|F|A|||||1922||Salt Lake Support Center|ONGBGB|298.05|22.35|298.05|1000|1|A|4100003|8072||||2125457278||N|QH00AE5U|Y|||||||B6|8072|SLC|ORL|9010001|WEB - B2C / GUEST - USA|2015-01-08 00:00:00|279|QHIP|||||7664|L|P||||||
T|151
I|842166164|B6|12|wariot1|2015-02-03 00:00:00|2015-03-07 01:03:51|2015-02-02 00:00:00|2015-02-03 00:00:00||17470|System|0|I|1|Y|ALBANC|seattle10|32F|32F658|B6|F|A|||||1922||Salt Lake Support Center|ONGBGB|298.05|22.35|298.05|1000|1|A|4100003|8072||||2125457278||N|QH00AE5U|Y|||||||B6|8072|SLC|ORL|9010001|WEB - B2C / GUEST - USA|2015-01-08 00:00:00|279|QHIP|||||7664|L|P||||||
T|152
I|842166164|B6|12|wariot2|2015-02-03 00:00:00|2015-03-07 01:03:51|2015-02-02 00:00:00|2015-02-03 00:00:00||17470|System|0|I|1|Y|ALBANC|seattle10|32F|32F658|B6|F|A|||||1922||Salt Lake Support Center|ONGBGB|298.05|22.35|298.05|1000|1|A|4100003|8072||||2125457278||N|QH00AE5U|Y|||||||B6|8072|SLC|ORL|9010001|WEB - B2C / GUEST - USA|2015-01-08 00:00:00|279|QHIP|||||7664|L|P||||||
T|153
I|842166164|B6|12|wariot3|2015-02-03 00:00:00|2015-03-07 01:03:51|2015-02-02 00:00:00|2015-02-03 00:00:00||17470|System|0|I|1|Y|ALBANC|seattle10|32F|32F658|B6|F|A|||||1922||Salt Lake Support Center|ONGBGB|298.05|22.35|298.05|1000|1|A|4100003|8072||||2125457278||N|QH00AE5U|Y|||||||B6|8072|SLC|ORL|9010001|WEB - B2C / GUEST - USA|2015-01-08 00:00:00|279|QHIP|||||7664|L|P||||||
T|154
I|842166164|B6|12|wariot4|2015-02-03 00:00:00|2015-03-07 01:03:51|2015-02-02 00:00:00|2015-02-03 00:00:00||17470|System|0|I|1|Y|ALBANC|seattle10|32F|32F658|B6|F|A|||||1922||Salt Lake Support Center|ONGBGB|298.05|22.35|298.05|1000|1|A|4100003|8072||||2125457278||N|QH00AE5U|Y|||||||B6|8072|SLC|ORL|9010001|WEB - B2C / GUEST - USA|2015-01-08 00:00:00|279|QHIP|||||7664|L|P||||||
T|155
I|842166164|B6|12|wariot5|2015-02-03 00:00:00|2015-03-07 01:03:51|2015-02-02 00:00:00|2015-02-03 00:00:00||17470|System|0|I|1|Y|ALBANC|seattle10|32F|32F658|B6|F|A|||||1922||Salt Lake Support Center|ONGBGB|298.05|22.35|298.05|1000|1|A|4100003|8072||||2125457278||N|QH00AE5U|Y|||||||B6|8072|SLC|ORL|9010001|WEB - B2C / GUEST - USA|2015-01-08 00:00:00|279|QHIP|||||7664|L|P||||||
T|156
I|842166164|B6|12|wariot6|2015-02-03 00:00:00|2015-03-07 01:03:51|2015-02-02 00:00:00|2015-02-03 00:00:00||17470|System|0|I|1|Y|ALBANC|seattle10|32F|32F658|B6|F|A|||||1922||Salt Lake Support Center|ONGBGB|298.05|22.35|298.05|1000|1|A|4100003|8072||||2125457278||N|QH00AE5U|Y|||||||B6|8072|SLC|ORL|9010001|WEB - B2C / GUEST - USA|2015-01-08 00:00:00|279|QHIP|||||7664|L|P||||||
T|157
I|842166164|B6|12|wariot7|2015-02-03 00:00:00|2015-03-07 01:03:51|2015-02-02 00:00:00|2015-02-03 00:00:00||17470|System|0|I|1|Y|ALBANC|seattle10|32F|32F658|B6|F|A|||||1922||Salt Lake Support Center|ONGBGB|298.05|22.35|298.05|1000|1|A|4100003|8072||||2125457278||N|QH00AE5U|Y|||||||B6|8072|SLC|ORL|9010001|WEB - B2C / GUEST - USA|2015-01-08 00:00:00|279|QHIP|||||7664|L|P||||||
T|158
I|842166164|B6|12|wariot8|2015-02-03 00:00:00|2015-03-07 01:03:51|2015-02-02 00:00:00|2015-02-03 00:00:00||17470|System|0|I|1|Y|ALBANC|seattle10|32F|32F658|B6|F|A|||||1922||Salt Lake Support Center|ONGBGB|298.05|22.35|298.05|1000|1|A|4100003|8072||||2125457278||N|QH00AE5U|Y|||||||B6|8072|SLC|ORL|9010001|WEB - B2C / GUEST - USA|2015-01-08 00:00:00|279|QHIP|||||7664|L|P||||||
T|159
I|842166164|B6|12|wariot9|2015-02-03 00:00:00|2015-03-07 01:03:51|2015-02-02 00:00:00|2015-02-03 00:00:00||17470|System|0|I|1|Y|ALBANC|seattle10|32F|32F658|B6|F|A|||||1922||Salt Lake Support Center|ONGBGB|298.05|22.35|298.05|1000|1|A|4100003|8072||||2125457278||N|QH00AE5U|Y|||||||B6|8072|SLC|ORL|9010001|WEB - B2C / GUEST - USA|2015-01-08 00:00:00|279|QHIP|||||7664|L|P||||||
T|160
I|842166164|B6|12|wariot0|2015-02-03 00:00:00|2015-03-07 01:03:51|2015-02-02 00:00:00|2015-02-03 00:00:00||17470|System|0|I|1|Y|ALBABQ|seattle10|32F|32F658|B6|F|A|||||1922||Salt Lake Support Center|ONGBGB|298.05|22.35|298.05|1000|1|A|4100003|8072||||2125457278||N|QH00AE5U|Y|||||||B6|8072|SLC|ORL|9010001|WEB - B2C / GUEST - USA|2015-01-08 00:00:00|279|QHIP|||||7664|L|P||||||
T|161
I|842166164|B6|12|wariot1|2015-02-03 00:00:00|2015-03-07 01:03:51|2015-02-02 00:00:00|2015-02-03 00:00:00||17470|System|0|I|1|Y|ALBABQ|seattle10|32F|32F658|B6|F|A|||||1922||Salt Lake Support Center|ONGBGB|298.05|22.35|298.05|1000|1|A|4100003|8072||||2125457278||N|QH00AE5U|Y|||||||B6|8072|SLC|ORL|9010001|WEB - B2C / GUEST - USA|2015-01-08 00:00:00|279|QHIP|||||7664|L|P||||||
T|162
I|842166164|B6|12|wariot2|2015-02-03 00:00:00|2015-03-07 01:03:51|2015-02-02 00:00:00|2015-02-03 00:00:00||17470|System|0|I|1|Y|ALBABQ|seattle10|32F|32F658|B6|F|A|||||1922||Salt Lake Support Center|ONGBGB|298.05|22.35|298.05|1000|1|A|4100003|8072||||2125457278||N|QH00AE5U|Y|||||||B6|8072|SLC|ORL|9010001|WEB - B2C / GUEST - USA|2015-01-08 00:00:00|279|QHIP|||||7664|L|P||||||
T|163
I|842166164|B6|12|wariot3|2015-02-03 00:00:00|2015-03-07 01:03:51|2015-02-02 00:00:00|2015-02-03 00:00:00||17470|System|0|I|1|Y|ALBABQ|seattle10|32F|32F658|B6|F|A|||||1922||Salt Lake Support Center|ONGBGB|298.05|22.35|298.05|1000|1|A|4100003|8072||||2125457278||N|QH00AE5U|Y|||||||B6|8072|SLC|ORL|9010001|WEB - B2C / GUEST - USA|2015-01-08 00:00:00|279|QHIP|||||7664|L|P||||||
T|164
I|842166164|B6|12|wariot4|2015-02-03 00:00:00|2015-03-07 01:03:51|2015-02-02 00:00:00|2015-02-03 00:00:00||17470|System|0|I|1|Y|ALBABQ|seattle10|32F|32F658|B6|F|A|||||1922||Salt Lake Support Center|ONGBGB|298.05|22.35|298.05|1000|1|A|4100003|8072||||2125457278||N|QH00AE5U|Y|||||||B6|8072|SLC|ORL|9010001|WEB - B2C / GUEST - USA|2015-01-08 00:00:00|279|QHIP|||||7664|L|P||||||
T|165
I|842166164|B6|12|wariot5|2015-02-03 00:00:00|2015-03-07 01:03:51|2015-02-02 00:00:00|2015-02-03 00:00:00||17470|System|0|I|1|Y|ALBABQ|seattle10|32F|32F658|B6|F|A|||||1922||Salt Lake Support Center|ONGBGB|298.05|22.35|298.05|1000|1|A|4100003|8072||||2125457278||N|QH00AE5U|Y|||||||B6|8072|SLC|ORL|9010001|WEB - B2C / GUEST - USA|2015-01-08 00:00:00|279|QHIP|||||7664|L|P||||||
T|166
I|842166164|B6|12|wariot6|2015-02-03 00:00:00|2015-03-07 01:03:51|2015-02-02 00:00:00|2015-02-03 00:00:00||17470|System|0|I|1|Y|ALBABQ|seattle10|32F|32F658|B6|F|A|||||1922||Salt Lake Support Center|ONGBGB|298.05|22.35|298.05|1000|1|A|4100003|8072||||2125457278||N|QH00AE5U|Y|||||||B6|8072|SLC|ORL|9010001|WEB - B2C / GUEST - USA|2015-01-08 00:00:00|279|QHIP|||||7664|L|P||||||
T|167
I|842166164|B6|12|wariot7|2015-02-03 00:00:00|2015-03-07 01:03:51|2015-02-02 00:00:00|2015-02-03 00:00:00||17470|System|0|I|1|Y|ALBABQ|seattle10|32F|32F658|B6|F|A|||||1922||Salt Lake Support Center|ONGBGB|298.05|22.35|298.05|1000|1|A|4100003|8072||||2125457278||N|QH00AE5U|Y|||||||B6|8072|SLC|ORL|9010001|WEB - B2C / GUEST - USA|2015-01-08 00:00:00|279|QHIP|||||7664|L|P||||||
T|168
I|842166164|B6|12|wariot8|2015-02-03 00:00:00|2015-03-07 01:03:51|2015-02-02 00:00:00|2015-02-03 00:00:00||17470|System|0|I|1|Y|ALBABQ|seattle10|32F|32F658|B6|F|A|||||1922||Salt Lake Support Center|ONGBGB|298.05|22.35|298.05|1000|1|A|4100003|8072||||2125457278||N|QH00AE5U|Y|||||||B6|8072|SLC|ORL|9010001|WEB - B2C / GUEST - USA|2015-01-08 00:00:00|279|QHIP|||||7664|L|P||||||
T|169
I|842166164|B6|12|wariot9|2015-02-03 00:00:00|2015-03-07 01:03:51|2015-02-02 00:00:00|2015-02-03 00:00:00||17470|System|0|I|1|Y|ALBABQ|seattle10|32F|32F658|B6|F|A|||||1922||Salt Lake Support Center|ONGBGB|298.05|22.35|298.05|1000|1|A|4100003|8072||||2125457278||N|QH00AE5U|Y|||||||B6|8072|SLC|ORL|9010001|WEB - B2C / GUEST - USA|2015-01-08 00:00:00|279|QHIP|||||7664|L|P||||||
T|170
I|842166164|B6|12|wariot0|2015-02-03 00:00:00|2015-03-07 01:03:51|2015-02-02 00:00:00|2015-02-03 00:00:00||17470|System|0|I|1|Y|ALBACK|seattle10|32F|32F658|B6|F|A|||||1922||Salt Lake Support Center|ONGBGB|298.05|22.35|298.05|1000|1|A|4100003|8072||||2125457278||N|QH00AE5U|Y|||||||B6|8072|SLC|ORL|9010001|WEB - B2C / GUEST - USA|2015-01-08 00:00:00|279|QHIP|||||7664|L|P||||||
T|171
I|842166164|B6|12|wariot1|2015-02-03 00:00:00|2015-03-07 01:03:51|2015-02-02 00:00:00|2015-02-03 00:00:00||17470|System|0|I|1|Y|ALBACK|seattle10|32F|32F658|B6|F|A|||||1922||Salt Lake Support Center|ONGBGB|298.05|22.35|298.05|1000|1|A|4100003|8072||||2125457278||N|QH00AE5U|Y|||||||B6|8072|SLC|ORL|9010001|WEB - B2C / GUEST - USA|2015-01-08 00:00:00|279|QHIP|||||7664|L|P||||||
T|172
I|842166164|B6|12|wariot2|2015-02-03 00:00:00|2015-03-07 01:03:51|2015-02-02 00:00:00|2015-02-03 00:00:00||17470|System|0|I|1|Y|ALBACK|seattle10|32F|32F658|B6|F|A|||||1922||Salt Lake Support Center|ONGBGB|298.05|22.35|298.05|1000|1|A|4100003|8072||||2125457278||N|QH00AE5U|Y|||||||B6|8072|SLC|ORL|9010001|WEB - B2C / GUEST - USA|2015-01-08 00:00:00|279|QHIP|||||7664|L|P||||||
T|173
I|842166164|B6|12|wariot3|2015-02-03 00:00:00|2015-03-07 01:03:51|2015-02-02 00:00:00|2015-02-03 00:00:00||17470|System|0|I|1|Y|ALBACK|seattle10|32F|32F658|B6|F|A|||||1922||Salt Lake Support Center|ONGBGB|298.05|22.35|298.05|1000|1|A|4100003|8072||||2125457278||N|QH00AE5U|Y|||||||B6|8072|SLC|ORL|9010001|WEB - B2C / GUEST - USA|2015-01-08 00:00:00|279|QHIP|||||7664|L|P||||||
T|174
I|842166164|B6|12|wariot4|2015-02-03 00:00:00|2015-03-07 01:03:51|2015-02-02 00:00:00|2015-02-03 00:00:00||17470|System|0|I|1|Y|ALBACK|seattle10|32F|32F658|B6|F|A|||||1922||Salt Lake Support Center|ONGBGB|298.05|22.35|298.05|1000|1|A|4100003|8072||||2125457278||N|QH00AE5U|Y|||||||B6|8072|SLC|ORL|9010001|WEB - B2C / GUEST - USA|2015-01-08 00:00:00|279|QHIP|||||7664|L|P||||||
T|175
I|842166164|B6|12|wariot5|2015-02-03 00:00:00|2015-03-07 01:03:51|2015-02-02 00:00:00|2015-02-03 00:00:00||17470|System|0|I|1|Y|ALBACK|seattle10|32F|32F658|B6|F|A|||||1922||Salt Lake Support Center|ONGBGB|298.05|22.35|298.05|1000|1|A|4100003|8072||||2125457278||N|QH00AE5U|Y|||||||B6|8072|SLC|ORL|9010001|WEB - B2C / GUEST - USA|2015-01-08 00:00:00|279|QHIP|||||7664|L|P||||||
T|176
I|842166164|B6|12|wariot6|2015-02-03 00:00:00|2015-03-07 01:03:51|2015-02-02 00:00:00|2015-02-03 00:00:00||17470|System|0|I|1|Y|ALBACK|seattle10|32F|32F658|B6|F|A|||||1922||Salt Lake Support Center|ONGBGB|298.05|22.35|298.05|1000|1|A|4100003|8072||||2125457278||N|QH00AE5U|Y|||||||B6|8072|SLC|ORL|9010001|WEB - B2C / GUEST - USA|2015-01-08 00:00:00|279|QHIP|||||7664|L|P||||||
T|177
I|842166164|B6|12|wariot7|2015-02-03 00:00:00|2015-03-07 01:03:51|2015-02-02 00:00:00|2015-02-03 00:00:00||17470|System|0|I|1|Y|ALBACK|seattle10|32F|32F658|B6|F|A|||||1922||Salt Lake Support Center|ONGBGB|298.05|22.35|298.05|1000|1|A|4100003|8072||||2125457278||N|QH00AE5U|Y|||||||B6|8072|SLC|ORL|9010001|WEB - B2C / GUEST - USA|2015-01-08 00:00:00|279|QHIP|||||7664|L|P||||||
T|178
I|842166164|B6|12|wariot8|2015-02-03 00:00:00|2015-03-07 01:03:51|2015-02-02 00:00:00|2015-02-03 00:00:00||17470|System|0|I|1|Y|ALBACK|seattle10|32F|32F658|B6|F|A|||||1922||Salt Lake Support Center|ONGBGB|298.05|22.35|298.05|1000|1|A|4100003|8072||||2125457278||N|QH00AE5U|Y|||||||B6|8072|SLC|ORL|9010001|WEB - B2C / GUEST - USA|2015-01-08 00:00:00|279|QHIP|||||7664|L|P||||||
T|179
I|842166164|B6|12|wariot9|2015-02-03 00:00:00|2015-03-07 01:03:51|2015-02-02 00:00:00|2015-02-03 00:00:00||17470|System|0|I|1|Y|ALBACK|seattle10|32F|32F658|B6|F|A|||||1922||Salt Lake Support Center|ONGBGB|298.05|22.35|298.05|1000|1|A|4100003|8072||||2125457278||N|QH00AE5U|Y|||||||B6|8072|SLC|ORL|9010001|WEB - B2C / GUEST - USA|2015-01-08 00:00:00|279|QHIP|||||7664|L|P||||||
T|180
I|842166164|B6|12|wariot0|2015-02-03 00:00:00|2015-03-07 01:03:51|2015-02-02 00:00:00|2015-02-03 00:00:00||17470|System|0|I|1|Y|ALBALB|seattle10|32F|32F658|B6|F|A|||||1922||Salt Lake Support Center|ONGBGB|298.05|22.35|298.05|1000|1|A|4100003|8072||||2125457278||N|QH00AE5U|Y|||||||B6|8072|SLC|ORL|9010001|WEB - B2C / GUEST - USA|2015-01-08 00:00:00|279|QHIP|||||7664|L|P||||||
T|181
I|842166164|B6|12|wariot1|2015-02-03 00:00:00|2015-03-07 01:03:51|2015-02-02 00:00:00|2015-02-03 00:00:00||17470|System|0|I|1|Y|ALBALB|seattle10|32F|32F658|B6|F|A|||||1922||Salt Lake Support Center|ONGBGB|298.05|22.35|298.05|1000|1|A|4100003|8072||||2125457278||N|QH00AE5U|Y|||||||B6|8072|SLC|ORL|9010001|WEB - B2C / GUEST - USA|2015-01-08 00:00:00|279|QHIP|||||7664|L|P||||||
T|182
I|842166164|B6|12|wariot2|2015-02-03 00:00:00|2015-03-07 01:03:51|2015-02-02 00:00:00|2015-02-03 00:00:00||17470|System|0|I|1|Y|ALBALB|seattle10|32F|32F658|B6|F|A|||||1922||Salt Lake Support Center|ONGBGB|298.05|22.35|298.05|1000|1|A|4100003|8072||||2125457278||N|QH00AE5U|Y|||||||B6|8072|SLC|ORL|9010001|WEB - B2C / GUEST - USA|2015-01-08 00:00:00|279|QHIP|||||7664|L|P||||||
T|183
I|842166164|B6|12|wariot3|2015-02-03 00:00:00|2015-03-07 01:03:51|2015-02-02 00:00:00|2015-02-03 00:00:00||17470|System|0|I|1|Y|ALBALB|seattle10|32F|32F658|B6|F|A|||||1922||Salt Lake Support Center|ONGBGB|298.05|22.35|298.05|1000|1|A|4100003|8072||||2125457278||N|QH00AE5U|Y|||||||B6|8072|SLC|ORL|9010001|WEB - B2C / GUEST - USA|2015-01-08 00:00:00|279|QHIP|||||7664|L|P||||||
T|184
I|842166164|B6|12|wariot4|2015-02-03 00:00:00|2015-03-07 01:03:51|2015-02-02 00:00:00|2015-02-03 00:00:00||17470|System|0|I|1|Y|ALBALB|seattle10|32F|32F658|B6|F|A|||||1922||Salt Lake Support Center|ONGBGB|298.05|22.35|298.05|1000|1|A|4100003|8072||||2125457278||N|QH00AE5U|Y|||||||B6|8072|SLC|ORL|9010001|WEB - B2C / GUEST - USA|2015-01-08 00:00:00|279|QHIP|||||7664|L|P||||||
T|185
I|842166164|B6|12|wariot5|2015-02-03 00:00:00|2015-03-07 01:03:51|2015-02-02 00:00:00|2015-02-03 00:00:00||17470|System|0|I|1|Y|ALBALB|seattle10|32F|32F658|B6|F|A|||||1922||Salt Lake Support Center|ONGBGB|298.05|22.35|298.05|1000|1|A|4100003|8072||||2125457278||N|QH00AE5U|Y|||||||B6|8072|SLC|ORL|9010001|WEB - B2C / GUEST - USA|2015-01-08 00:00:00|279|QHIP|||||7664|L|P||||||
T|186
I|842166164|B6|12|wariot6|2015-02-03 00:00:00|2015-03-07 01:03:51|2015-02-02 00:00:00|2015-02-03 00:00:00||17470|System|0|I|1|Y|ALBALB|seattle10|32F|32F658|B6|F|A|||||1922||Salt Lake Support Center|ONGBGB|298.05|22.35|298.05|1000|1|A|4100003|8072||||2125457278||N|QH00AE5U|Y|||||||B6|8072|SLC|ORL|9010001|WEB - B2C / GUEST - USA|2015-01-08 00:00:00|279|QHIP|||||7664|L|P||||||
T|187
I|842166164|B6|12|wariot7|2015-02-03 00:00:00|2015-03-07 01:03:51|2015-02-02 00:00:00|2015-02-03 00:00:00||17470|System|0|I|1|Y|ALBALB|seattle10|32F|32F658|B6|F|A|||||1922||Salt Lake Support Center|ONGBGB|298.05|22.35|298.05|1000|1|A|4100003|8072||||2125457278||N|QH00AE5U|Y|||||||B6|8072|SLC|ORL|9010001|WEB - B2C / GUEST - USA|2015-01-08 00:00:00|279|QHIP|||||7664|L|P||||||
T|188
I|842166164|B6|12|wariot8|2015-02-03 00:00:00|2015-03-07 01:03:51|2015-02-02 00:00:00|2015-02-03 00:00:00||17470|System|0|I|1|Y|ALBALB|seattle10|32F|32F658|B6|F|A|||||1922||Salt Lake Support Center|ONGBGB|298.05|22.35|298.05|1000|1|A|4100003|8072||||2125457278||N|QH00AE5U|Y|||||||B6|8072|SLC|ORL|9010001|WEB - B2C / GUEST - USA|2015-01-08 00:00:00|279|QHIP|||||7664|L|P||||||
T|189
I|842166164|B6|12|wariot9|2015-02-03 00:00:00|2015-03-07 01:03:51|2015-02-02 00:00:00|2015-02-03 00:00:00||17470|System|0|I|1|Y|ALBALB|seattle10|32F|32F658|B6|F|A|||||1922||Salt Lake Support Center|ONGBGB|298.05|22.35|298.05|1000|1|A|4100003|8072||||2125457278||N|QH00AE5U|Y|||||||B6|8072|SLC|ORL|9010001|WEB - B2C / GUEST - USA|2015-01-08 00:00:00|279|QHIP|||||7664|L|P||||||
T|190
I|842166164|B6|12|wariot0|2015-02-03 00:00:00|2015-03-07 01:03:51|2015-02-02 00:00:00|2015-02-03 00:00:00||17470|System|0|I|1|Y|ALBANU|seattle10|32F|32F658|B6|F|A|||||1922||Salt Lake Support Center|ONGBGB|298.05|22.35|298.05|1000|1|A|4100003|8072||||2125457278||N|QH00AE5U|Y|||||||B6|8072|SLC|ORL|9010001|WEB - B2C / GUEST - USA|2015-01-08 00:00:00|279|QHIP|||||7664|L|P||||||
T|191
I|842166164|B6|12|wariot1|2015-02-03 00:00:00|2015-03-07 01:03:51|2015-02-02 00:00:00|2015-02-03 00:00:00||17470|System|0|I|1|Y|ALBANU|seattle10|32F|32F658|B6|F|A|||||1922||Salt Lake Support Center|ONGBGB|298.05|22.35|298.05|1000|1|A|4100003|8072||||2125457278||N|QH00AE5U|Y|||||||B6|8072|SLC|ORL|9010001|WEB - B2C / GUEST - USA|2015-01-08 00:00:00|279|QHIP|||||7664|L|P||||||
T|192
I|842166164|B6|12|wariot2|2015-02-03 00:00:00|2015-03-07 01:03:51|2015-02-02 00:00:00|2015-02-03 00:00:00||17470|System|0|I|1|Y|ALBANU|seattle10|32F|32F658|B6|F|A|||||1922||Salt Lake Support Center|ONGBGB|298.05|22.35|298.05|1000|1|A|4100003|8072||||2125457278||N|QH00AE5U|Y|||||||B6|8072|SLC|ORL|9010001|WEB - B2C / GUEST - USA|2015-01-08 00:00:00|279|QHIP|||||7664|L|P||||||
T|193
I|842166164|B6|12|wariot3|2015-02-03 00:00:00|2015-03-07 01:03:51|2015-02-02 00:00:00|2015-02-03 00:00:00||17470|System|0|I|1|Y|ALBANU|seattle10|32F|32F658|B6|F|A|||||1922||Salt Lake Support Center|ONGBGB|298.05|22.35|298.05|1000|1|A|4100003|8072||||2125457278||N|QH00AE5U|Y|||||||B6|8072|SLC|ORL|9010001|WEB - B2C / GUEST - USA|2015-01-08 00:00:00|279|QHIP|||||7664|L|P||||||
T|194
I|842166164|B6|12|wariot4|2015-02-03 00:00:00|2015-03-07 01:03:51|2015-02-02 00:00:00|2015-02-03 00:00:00||17470|System|0|I|1|Y|ALBANU|seattle10|32F|32F658|B6|F|A|||||1922||Salt Lake Support Center|ONGBGB|298.05|22.35|298.05|1000|1|A|4100003|8072||||2125457278||N|QH00AE5U|Y|||||||B6|8072|SLC|ORL|9010001|WEB - B2C / GUEST - USA|2015-01-08 00:00:00|279|QHIP|||||7664|L|P||||||
T|195
I|842166164|B6|12|wariot5|2015-02-03 00:00:00|2015-03-07 01:03:51|2015-02-02 00:00:00|2015-02-03 00:00:00||17470|System|0|I|1|Y|ALBANU|seattle10|32F|32F658|B6|F|A|||||1922||Salt Lake Support Center|ONGBGB|298.05|22.35|298.05|1000|1|A|4100003|8072||||2125457278||N|QH00AE5U|Y|||||||B6|8072|SLC|ORL|9010001|WEB - B2C / GUEST - USA|2015-01-08 00:00:00|279|QHIP|||||7664|L|P||||||
T|196
I|842166164|B6|12|wariot6|2015-02-03 00:00:00|2015-03-07 01:03:51|2015-02-02 00:00:00|2015-02-03 00:00:00||17470|System|0|I|1|Y|ALBANU|seattle10|32F|32F658|B6|F|A|||||1922||Salt Lake Support Center|ONGBGB|298.05|22.35|298.05|1000|1|A|4100003|8072||||2125457278||N|QH00AE5U|Y|||||||B6|8072|SLC|ORL|9010001|WEB - B2C / GUEST - USA|2015-01-08 00:00:00|279|QHIP|||||7664|L|P||||||
T|197
I|842166164|B6|12|wariot7|2015-02-03 00:00:00|2015-03-07 01:03:51|2015-02-02 00:00:00|2015-02-03 00:00:00||17470|System|0|I|1|Y|ALBANU|seattle10|32F|32F658|B6|F|A|||||1922||Salt Lake Support Center|ONGBGB|298.05|22.35|298.05|1000|1|A|4100003|8072||||2125457278||N|QH00AE5U|Y|||||||B6|8072|SLC|ORL|9010001|WEB - B2C / GUEST - USA|2015-01-08 00:00:00|279|QHIP|||||7664|L|P||||||
T|198
I|842166164|B6|12|wariot8|2015-02-03 00:00:00|2015-03-07 01:03:51|2015-02-02 00:00:00|2015-02-03 00:00:00||17470|System|0|I|1|Y|ALBANU|seattle10|32F|32F658|B6|F|A|||||1922||Salt Lake Support Center|ONGBGB|298.05|22.35|298.05|1000|1|A|4100003|8072||||2125457278||N|QH00AE5U|Y|||||||B6|8072|SLC|ORL|9010001|WEB - B2C / GUEST - USA|2015-01-08 00:00:00|279|QHIP|||||7664|L|P||||||
T|199
I|842166164|B6|12|wariot9|2015-02-03 00:00:00|2015-03-07 01:03:51|2015-02-02 00:00:00|2015-02-03 00:00:00||17470|System|0|I|1|Y|ALBANU|seattle10|32F|32F658|B6|F|A|||||1922||Salt Lake Support Center|ONGBGB|298.05|22.35|298.05|1000|1|A|4100003|8072||||2125457278||N|QH00AE5U|Y|||||||B6|8072|SLC|ORL|9010001|WEB - B2C / GUEST - USA|2015-01-08 00:00:00|279|QHIP|||||7664|L|P||||||
T|200
I|842166164|B6|12|wariot0|2015-02-03 00:00:00|2015-03-07 01:03:51|2015-02-02 00:00:00|2015-02-03 00:00:00||17470|System|0|I|1|Y|ANUANC|seattle10|32F|32F658|B6|F|A|||||1922||Salt Lake Support Center|ONGBGB|298.05|22.35|298.05|1000|1|A|4100003|8072||||2125457278||N|QH00AE5U|Y|||||||B6|8072|SLC|ORL|9010001|WEB - B2C / GUEST - USA|2015-01-08 00:00:00|279|QHIP|||||7664|L|P||||||
T|201
I|842166164|B6|12|wariot1|2015-02-03 00:00:00|2015-03-07 01:03:51|2015-02-02 00:00:00|2015-02-03 00:00:00||17470|System|0|I|1|Y|ANUANC|seattle10|32F|32F658|B6|F|A|||||1922||Salt Lake Support Center|ONGBGB|298.05|22.35|298.05|1000|1|A|4100003|8072||||2125457278||N|QH00AE5U|Y|||||||B6|8072|SLC|ORL|9010001|WEB - B2C / GUEST - USA|2015-01-08 00:00:00|279|QHIP|||||7664|L|P||||||
T|202
I|842166164|B6|12|wariot2|2015-02-03 00:00:00|2015-03-07 01:03:51|2015-02-02 00:00:00|2015-02-03 00:00:00||17470|System|0|I|1|Y|ANUANC|seattle10|32F|32F658|B6|F|A|||||1922||Salt Lake Support Center|ONGBGB|298.05|22.35|298.05|1000|1|A|4100003|8072||||2125457278||N|QH00AE5U|Y|||||||B6|8072|SLC|ORL|9010001|WEB - B2C / GUEST - USA|2015-01-08 00:00:00|279|QHIP|||||7664|L|P||||||
T|203
I|842166164|B6|12|wariot3|2015-02-03 00:00:00|2015-03-07 01:03:51|2015-02-02 00:00:00|2015-02-03 00:00:00||17470|System|0|I|1|Y|ANUANC|seattle10|32F|32F658|B6|F|A|||||1922||Salt Lake Support Center|ONGBGB|298.05|22.35|298.05|1000|1|A|4100003|8072||||2125457278||N|QH00AE5U|Y|||||||B6|8072|SLC|ORL|9010001|WEB - B2C / GUEST - USA|2015-01-08 00:00:00|279|QHIP|||||7664|L|P||||||
T|204
I|842166164|B6|12|wariot4|2015-02-03 00:00:00|2015-03-07 01:03:51|2015-02-02 00:00:00|2015-02-03 00:00:00||17470|System|0|I|1|Y|ANUANC|seattle10|32F|32F658|B6|F|A|||||1922||Salt Lake Support Center|ONGBGB|298.05|22.35|298.05|1000|1|A|4100003|8072||||2125457278||N|QH00AE5U|Y|||||||B6|8072|SLC|ORL|9010001|WEB - B2C / GUEST - USA|2015-01-08 00:00:00|279|QHIP|||||7664|L|P||||||
T|205
I|842166164|B6|12|wariot5|2015-02-03 00:00:00|2015-03-07 01:03:51|2015-02-02 00:00:00|2015-02-03 00:00:00||17470|System|0|I|1|Y|ANUANC|seattle10|32F|32F658|B6|F|A|||||1922||Salt Lake Support Center|ONGBGB|298.05|22.35|298.05|1000|1|A|4100003|8072||||2125457278||N|QH00AE5U|Y|||||||B6|8072|SLC|ORL|9010001|WEB - B2C / GUEST - USA|2015-01-08 00:00:00|279|QHIP|||||7664|L|P||||||
T|206
I|842166164|B6|12|wariot6|2015-02-03 00:00:00|2015-03-07 01:03:51|2015-02-02 00:00:00|2015-02-03 00:00:00||17470|System|0|I|1|Y|ANUANC|seattle10|32F|32F658|B6|F|A|||||1922||Salt Lake Support Center|ONGBGB|298.05|22.35|298.05|1000|1|A|4100003|8072||||2125457278||N|QH00AE5U|Y|||||||B6|8072|SLC|ORL|9010001|WEB - B2C / GUEST - USA|2015-01-08 00:00:00|279|QHIP|||||7664|L|P||||||
T|207
I|842166164|B6|12|wariot7|2015-02-03 00:00:00|2015-03-07 01:03:51|2015-02-02 00:00:00|2015-02-03 00:00:00||17470|System|0|I|1|Y|ANUANC|seattle10|32F|32F658|B6|F|A|||||1922||Salt Lake Support Center|ONGBGB|298.05|22.35|298.05|1000|1|A|4100003|8072||||2125457278||N|QH00AE5U|Y|||||||B6|8072|SLC|ORL|9010001|WEB - B2C / GUEST - USA|2015-01-08 00:00:00|279|QHIP|||||7664|L|P||||||
T|208
I|842166164|B6|12|wariot8|2015-02-03 00:00:00|2015-03-07 01:03:51|2015-02-02 00:00:00|2015-02-03 00:00:00||17470|System|0|I|1|Y|ANUANC|seattle10|32F|32F658|B6|F|A|||||1922||Salt Lake Support Center|ONGBGB|298.05|22.35|298.05|1000|1|A|4100003|8072||||2125457278||N|QH00AE5U|Y|||||||B6|8072|SLC|ORL|9010001|WEB - B2C / GUEST - USA|2015-01-08 00:00:00|279|QHIP|||||7664|L|P||||||
T|209
I|842166164|B6|12|wariot9|2015-02-03 00:00:00|2015-03-07 01:03:51|2015-02-02 00:00:00|2015-02-03 00:00:00||17470|System|0|I|1|Y|ANUANC|seattle10|32F|32F658|B6|F|A|||||1922||Salt Lake Support Center|ONGBGB|298.05|22.35|298.05|1000|1|A|4100003|8072||||2125457278||N|QH00AE5U|Y|||||||B6|8072|SLC|ORL|9010001|WEB - B2C / GUEST - USA|2015-01-08 00:00:00|279|QHIP|||||7664|L|P||||||
T|210
I|842166164|B6|12|wariot0|2015-02-03 00:00:00|2015-03-07 01:03:51|2015-02-02 00:00:00|2015-02-03 00:00:00||17470|System|0|I|1|Y|ANUABQ|seattle10|32F|32F658|B6|F|A|||||1922||Salt Lake Support Center|ONGBGB|298.05|22.35|298.05|1000|1|A|4100003|8072||||2125457278||N|QH00AE5U|Y|||||||B6|8072|SLC|ORL|9010001|WEB - B2C / GUEST - USA|2015-01-08 00:00:00|279|QHIP|||||7664|L|P||||||
T|211
I|842166164|B6|12|wariot1|2015-02-03 00:00:00|2015-03-07 01:03:51|2015-02-02 00:00:00|2015-02-03 00:00:00||17470|System|0|I|1|Y|ANUABQ|seattle10|32F|32F658|B6|F|A|||||1922||Salt Lake Support Center|ONGBGB|298.05|22.35|298.05|1000|1|A|4100003|8072||||2125457278||N|QH00AE5U|Y|||||||B6|8072|SLC|ORL|9010001|WEB - B2C / GUEST - USA|2015-01-08 00:00:00|279|QHIP|||||7664|L|P||||||
T|212
I|842166164|B6|12|wariot2|2015-02-03 00:00:00|2015-03-07 01:03:51|2015-02-02 00:00:00|2015-02-03 00:00:00||17470|System|0|I|1|Y|ANUABQ|seattle10|32F|32F658|B6|F|A|||||1922||Salt Lake Support Center|ONGBGB|298.05|22.35|298.05|1000|1|A|4100003|8072||||2125457278||N|QH00AE5U|Y|||||||B6|8072|SLC|ORL|9010001|WEB - B2C / GUEST - USA|2015-01-08 00:00:00|279|QHIP|||||7664|L|P||||||
T|213
I|842166164|B6|12|wariot3|2015-02-03 00:00:00|2015-03-07 01:03:51|2015-02-02 00:00:00|2015-02-03 00:00:00||17470|System|0|I|1|Y|ANUABQ|seattle10|32F|32F658|B6|F|A|||||1922||Salt Lake Support Center|ONGBGB|298.05|22.35|298.05|1000|1|A|4100003|8072||||2125457278||N|QH00AE5U|Y|||||||B6|8072|SLC|ORL|9010001|WEB - B2C / GUEST - USA|2015-01-08 00:00:00|279|QHIP|||||7664|L|P||||||
T|214
I|842166164|B6|12|wariot4|2015-02-03 00:00:00|2015-03-07 01:03:51|2015-02-02 00:00:00|2015-02-03 00:00:00||17470|System|0|I|1|Y|ANUABQ|seattle10|32F|32F658|B6|F|A|||||1922||Salt Lake Support Center|ONGBGB|298.05|22.35|298.05|1000|1|A|4100003|8072||||2125457278||N|QH00AE5U|Y|||||||B6|8072|SLC|ORL|9010001|WEB - B2C / GUEST - USA|2015-01-08 00:00:00|279|QHIP|||||7664|L|P||||||
T|215
I|842166164|B6|12|wariot5|2015-02-03 00:00:00|2015-03-07 01:03:51|2015-02-02 00:00:00|2015-02-03 00:00:00||17470|System|0|I|1|Y|ANUABQ|seattle10|32F|32F658|B6|F|A|||||1922||Salt Lake Support Center|ONGBGB|298.05|22.35|298.05|1000|1|A|4100003|8072||||2125457278||N|QH00AE5U|Y|||||||B6|8072|SLC|ORL|9010001|WEB - B2C / GUEST - USA|2015-01-08 00:00:00|279|QHIP|||||7664|L|P||||||
T|216
I|842166164|B6|12|wariot6|2015-02-03 00:00:00|2015-03-07 01:03:51|2015-02-02 00:00:00|2015-02-03 00:00:00||17470|System|0|I|1|Y|ANUABQ|seattle10|32F|32F658|B6|F|A|||||1922||Salt Lake Support Center|ONGBGB|298.05|22.35|298.05|1000|1|A|4100003|8072||||2125457278||N|QH00AE5U|Y|||||||B6|8072|SLC|ORL|9010001|WEB - B2C / GUEST - USA|2015-01-08 00:00:00|279|QHIP|||||7664|L|P||||||
T|217
I|842166164|B6|12|wariot7|2015-02-03 00:00:00|2015-03-07 01:03:51|2015-02-02 00:00:00|2015-02-03 00:00:00||17470|System|0|I|1|Y|ANUABQ|seattle10|32F|32F658|B6|F|A|||||1922||Salt Lake Support Center|ONGBGB|298.05|22.35|298.05|1000|1|A|4100003|8072||||2125457278||N|QH00AE5U|Y|||||||B6|8072|SLC|ORL|9010001|WEB - B2C / GUEST - USA|2015-01-08 00:00:00|279|QHIP|||||7664|L|P||||||
T|218
I|842166164|B6|12|wariot8|2015-02-03 00:00:00|2015-03-07 01:03:51|2015-02-02 00:00:00|2015-02-03 00:00:00||17470|System|0|I|1|Y|ANUABQ|seattle10|32F|32F658|B6|F|A|||||1922||Salt Lake Support Center|ONGBGB|298.05|22.35|298.05|1000|1|A|4100003|8072||||2125457278||N|QH00AE5U|Y|||||||B6|8072|SLC|ORL|9010001|WEB - B2C / GUEST - USA|2015-01-08 00:00:00|279|QHIP|||||7664|L|P||||||
T|219
I|842166164|B6|12|wariot9|2015-02-03 00:00:00|2015-03-07 01:03:51|2015-02-02 00:00:00|2015-02-03 00:00:00||17470|System|0|I|1|Y|ANUABQ|seattle10|32F|32F658|B6|F|A|||||1922||Salt Lake Support Center|ONGBGB|298.05|22.35|298.05|1000|1|A|4100003|8072||||2125457278||N|QH00AE5U|Y|||||||B6|8072|SLC|ORL|9010001|WEB - B2C / GUEST - USA|2015-01-08 00:00:00|279|QHIP|||||7664|L|P||||||
T|220
I|842166164|B6|12|wariot0|2015-02-03 00:00:00|2015-03-07 01:03:51|2015-02-02 00:00:00|2015-02-03 00:00:00||17470|System|0|I|1|Y|ANUACK|seattle10|32F|32F658|B6|F|A|||||1922||Salt Lake Support Center|ONGBGB|298.05|22.35|298.05|1000|1|A|4100003|8072||||2125457278||N|QH00AE5U|Y|||||||B6|8072|SLC|ORL|9010001|WEB - B2C / GUEST - USA|2015-01-08 00:00:00|279|QHIP|||||7664|L|P||||||
T|221
I|842166164|B6|12|wariot1|2015-02-03 00:00:00|2015-03-07 01:03:51|2015-02-02 00:00:00|2015-02-03 00:00:00||17470|System|0|I|1|Y|ANUACK|seattle10|32F|32F658|B6|F|A|||||1922||Salt Lake Support Center|ONGBGB|298.05|22.35|298.05|1000|1|A|4100003|8072||||2125457278||N|QH00AE5U|Y|||||||B6|8072|SLC|ORL|9010001|WEB - B2C / GUEST - USA|2015-01-08 00:00:00|279|QHIP|||||7664|L|P||||||
T|222
I|842166164|B6|12|wariot2|2015-02-03 00:00:00|2015-03-07 01:03:51|2015-02-02 00:00:00|2015-02-03 00:00:00||17470|System|0|I|1|Y|ANUACK|seattle10|32F|32F658|B6|F|A|||||1922||Salt Lake Support Center|ONGBGB|298.05|22.35|298.05|1000|1|A|4100003|8072||||2125457278||N|QH00AE5U|Y|||||||B6|8072|SLC|ORL|9010001|WEB - B2C / GUEST - USA|2015-01-08 00:00:00|279|QHIP|||||7664|L|P||||||
T|223
I|842166164|B6|12|wariot3|2015-02-03 00:00:00|2015-03-07 01:03:51|2015-02-02 00:00:00|2015-02-03 00:00:00||17470|System|0|I|1|Y|ANUACK|seattle10|32F|32F658|B6|F|A|||||1922||Salt Lake Support Center|ONGBGB|298.05|22.35|298.05|1000|1|A|4100003|8072||||2125457278||N|QH00AE5U|Y|||||||B6|8072|SLC|ORL|9010001|WEB - B2C / GUEST - USA|2015-01-08 00:00:00|279|QHIP|||||7664|L|P||||||
T|224
I|842166164|B6|12|wariot4|2015-02-03 00:00:00|2015-03-07 01:03:51|2015-02-02 00:00:00|2015-02-03 00:00:00||17470|System|0|I|1|Y|ANUACK|seattle10|32F|32F658|B6|F|A|||||1922||Salt Lake Support Center|ONGBGB|298.05|22.35|298.05|1000|1|A|4100003|8072||||2125457278||N|QH00AE5U|Y|||||||B6|8072|SLC|ORL|9010001|WEB - B2C / GUEST - USA|2015-01-08 00:00:00|279|QHIP|||||7664|L|P||||||
T|225
I|842166164|B6|12|wariot5|2015-02-03 00:00:00|2015-03-07 01:03:51|2015-02-02 00:00:00|2015-02-03 00:00:00||17470|System|0|I|1|Y|ANUACK|seattle10|32F|32F658|B6|F|A|||||1922||Salt Lake Support Center|ONGBGB|298.05|22.35|298.05|1000|1|A|4100003|8072||||2125457278||N|QH00AE5U|Y|||||||B6|8072|SLC|ORL|9010001|WEB - B2C / GUEST - USA|2015-01-08 00:00:00|279|QHIP|||||7664|L|P||||||
T|226
I|842166164|B6|12|wariot6|2015-02-03 00:00:00|2015-03-07 01:03:51|2015-02-02 00:00:00|2015-02-03 00:00:00||17470|System|0|I|1|Y|ANUACK|seattle10|32F|32F658|B6|F|A|||||1922||Salt Lake Support Center|ONGBGB|298.05|22.35|298.05|1000|1|A|4100003|8072||||2125457278||N|QH00AE5U|Y|||||||B6|8072|SLC|ORL|9010001|WEB - B2C / GUEST - USA|2015-01-08 00:00:00|279|QHIP|||||7664|L|P||||||
T|227
I|842166164|B6|12|wariot7|2015-02-03 00:00:00|2015-03-07 01:03:51|2015-02-02 00:00:00|2015-02-03 00:00:00||17470|System|0|I|1|Y|ANUACK|seattle10|32F|32F658|B6|F|A|||||1922||Salt Lake Support Center|ONGBGB|298.05|22.35|298.05|1000|1|A|4100003|8072||||2125457278||N|QH00AE5U|Y|||||||B6|8072|SLC|ORL|9010001|WEB - B2C / GUEST - USA|2015-01-08 00:00:00|279|QHIP|||||7664|L|P||||||
T|228
I|842166164|B6|12|wariot8|2015-02-03 00:00:00|2015-03-07 01:03:51|2015-02-02 00:00:00|2015-02-03 00:00:00||17470|System|0|I|1|Y|ANUACK|seattle10|32F|32F658|B6|F|A|||||1922||Salt Lake Support Center|ONGBGB|298.05|22.35|298.05|1000|1|A|4100003|8072||||2125457278||N|QH00AE5U|Y|||||||B6|8072|SLC|ORL|9010001|WEB - B2C / GUEST - USA|2015-01-08 00:00:00|279|QHIP|||||7664|L|P||||||
T|229
I|842166164|B6|12|wariot9|2015-02-03 00:00:00|2015-03-07 01:03:51|2015-02-02 00:00:00|2015-02-03 00:00:00||17470|System|0|I|1|Y|ANUACK|seattle10|32F|32F658|B6|F|A|||||1922||Salt Lake Support Center|ONGBGB|298.05|22.35|298.05|1000|1|A|4100003|8072||||2125457278||N|QH00AE5U|Y|||||||B6|8072|SLC|ORL|9010001|WEB - B2C / GUEST - USA|2015-01-08 00:00:00|279|QHIP|||||7664|L|P||||||
T|230
I|842166164|B6|12|wariot0|2015-02-03 00:00:00|2015-03-07 01:03:51|2015-02-02 00:00:00|2015-02-03 00:00:00||17470|System|0|I|1|Y|ANUALB|seattle10|32F|32F658|B6|F|A|||||1922||Salt Lake Support Center|ONGBGB|298.05|22.35|298.05|1000|1|A|4100003|8072||||2125457278||N|QH00AE5U|Y|||||||B6|8072|SLC|ORL|9010001|WEB - B2C / GUEST - USA|2015-01-08 00:00:00|279|QHIP|||||7664|L|P||||||
T|231
I|842166164|B6|12|wariot1|2015-02-03 00:00:00|2015-03-07 01:03:51|2015-02-02 00:00:00|2015-02-03 00:00:00||17470|System|0|I|1|Y|ANUALB|seattle10|32F|32F658|B6|F|A|||||1922||Salt Lake Support Center|ONGBGB|298.05|22.35|298.05|1000|1|A|4100003|8072||||2125457278||N|QH00AE5U|Y|||||||B6|8072|SLC|ORL|9010001|WEB - B2C / GUEST - USA|2015-01-08 00:00:00|279|QHIP|||||7664|L|P||||||
T|232
I|842166164|B6|12|wariot2|2015-02-03 00:00:00|2015-03-07 01:03:51|2015-02-02 00:00:00|2015-02-03 00:00:00||17470|System|0|I|1|Y|ANUALB|seattle10|32F|32F658|B6|F|A|||||1922||Salt Lake Support Center|ONGBGB|298.05|22.35|298.05|1000|1|A|4100003|8072||||2125457278||N|QH00AE5U|Y|||||||B6|8072|SLC|ORL|9010001|WEB - B2C / GUEST - USA|2015-01-08 00:00:00|279|QHIP|||||7664|L|P||||||
T|233
I|842166164|B6|12|wariot3|2015-02-03 00:00:00|2015-03-07 01:03:51|2015-02-02 00:00:00|2015-02-03 00:00:00||17470|System|0|I|1|Y|ANUALB|seattle10|32F|32F658|B6|F|A|||||1922||Salt Lake Support Center|ONGBGB|298.05|22.35|298.05|1000|1|A|4100003|8072||||2125457278||N|QH00AE5U|Y|||||||B6|8072|SLC|ORL|9010001|WEB - B2C / GUEST - USA|2015-01-08 00:00:00|279|QHIP|||||7664|L|P||||||
T|234
I|842166164|B6|12|wariot4|2015-02-03 00:00:00|2015-03-07 01:03:51|2015-02-02 00:00:00|2015-02-03 00:00:00||17470|System|0|I|1|Y|ANUALB|seattle10|32F|32F658|B6|F|A|||||1922||Salt Lake Support Center|ONGBGB|298.05|22.35|298.05|1000|1|A|4100003|8072||||2125457278||N|QH00AE5U|Y|||||||B6|8072|SLC|ORL|9010001|WEB - B2C / GUEST - USA|2015-01-08 00:00:00|279|QHIP|||||7664|L|P||||||
T|235
I|842166164|B6|12|wariot5|2015-02-03 00:00:00|2015-03-07 01:03:51|2015-02-02 00:00:00|2015-02-03 00:00:00||17470|System|0|I|1|Y|ANUALB|seattle10|32F|32F658|B6|F|A|||||1922||Salt Lake Support Center|ONGBGB|298.05|22.35|298.05|1000|1|A|4100003|8072||||2125457278||N|QH00AE5U|Y|||||||B6|8072|SLC|ORL|9010001|WEB - B2C / GUEST - USA|2015-01-08 00:00:00|279|QHIP|||||7664|L|P||||||
T|236
I|842166164|B6|12|wariot6|2015-02-03 00:00:00|2015-03-07 01:03:51|2015-02-02 00:00:00|2015-02-03 00:00:00||17470|System|0|I|1|Y|ANUALB|seattle10|32F|32F658|B6|F|A|||||1922||Salt Lake Support Center|ONGBGB|298.05|22.35|298.05|1000|1|A|4100003|8072||||2125457278||N|QH00AE5U|Y|||||||B6|8072|SLC|ORL|9010001|WEB - B2C / GUEST - USA|2015-01-08 00:00:00|279|QHIP|||||7664|L|P||||||
T|237
I|842166164|B6|12|wariot7|2015-02-03 00:00:00|2015-03-07 01:03:51|2015-02-02 00:00:00|2015-02-03 00:00:00||17470|System|0|I|1|Y|ANUALB|seattle10|32F|32F658|B6|F|A|||||1922||Salt Lake Support Center|ONGBGB|298.05|22.35|298.05|1000|1|A|4100003|8072||||2125457278||N|QH00AE5U|Y|||||||B6|8072|SLC|ORL|9010001|WEB - B2C / GUEST - USA|2015-01-08 00:00:00|279|QHIP|||||7664|L|P||||||
T|238
I|842166164|B6|12|wariot8|2015-02-03 00:00:00|2015-03-07 01:03:51|2015-02-02 00:00:00|2015-02-03 00:00:00||17470|System|0|I|1|Y|ANUALB|seattle10|32F|32F658|B6|F|A|||||1922||Salt Lake Support Center|ONGBGB|298.05|22.35|298.05|1000|1|A|4100003|8072||||2125457278||N|QH00AE5U|Y|||||||B6|8072|SLC|ORL|9010001|WEB - B2C / GUEST - USA|2015-01-08 00:00:00|279|QHIP|||||7664|L|P||||||
T|239
I|842166164|B6|12|wariot9|2015-02-03 00:00:00|2015-03-07 01:03:51|2015-02-02 00:00:00|2015-02-03 00:00:00||17470|System|0|I|1|Y|ANUALB|seattle10|32F|32F658|B6|F|A|||||1922||Salt Lake Support Center|ONGBGB|298.05|22.35|298.05|1000|1|A|4100003|8072||||2125457278||N|QH00AE5U|Y|||||||B6|8072|SLC|ORL|9010001|WEB - B2C / GUEST - USA|2015-01-08 00:00:00|279|QHIP|||||7664|L|P||||||
T|240
I|842166164|B6|12|wariot0|2015-02-03 00:00:00|2015-03-07 01:03:51|2015-02-02 00:00:00|2015-02-03 00:00:00||17470|System|0|I|1|Y|ANUANU|seattle10|32F|32F658|B6|F|A|||||1922||Salt Lake Support Center|ONGBGB|298.05|22.35|298.05|1000|1|A|4100003|8072||||2125457278||N|QH00AE5U|Y|||||||B6|8072|SLC|ORL|9010001|WEB - B2C / GUEST - USA|2015-01-08 00:00:00|279|QHIP|||||7664|L|P||||||
T|241
I|842166164|B6|12|wariot1|2015-02-03 00:00:00|2015-03-07 01:03:51|2015-02-02 00:00:00|2015-02-03 00:00:00||17470|System|0|I|1|Y|ANUANU|seattle10|32F|32F658|B6|F|A|||||1922||Salt Lake Support Center|ONGBGB|298.05|22.35|298.05|1000|1|A|4100003|8072||||2125457278||N|QH00AE5U|Y|||||||B6|8072|SLC|ORL|9010001|WEB - B2C / GUEST - USA|2015-01-08 00:00:00|279|QHIP|||||7664|L|P||||||
T|242
I|842166164|B6|12|wariot2|2015-02-03 00:00:00|2015-03-07 01:03:51|2015-02-02 00:00:00|2015-02-03 00:00:00||17470|System|0|I|1|Y|ANUANU|seattle10|32F|32F658|B6|F|A|||||1922||Salt Lake Support Center|ONGBGB|298.05|22.35|298.05|1000|1|A|4100003|8072||||2125457278||N|QH00AE5U|Y|||||||B6|8072|SLC|ORL|9010001|WEB - B2C / GUEST - USA|2015-01-08 00:00:00|279|QHIP|||||7664|L|P||||||
T|243
I|842166164|B6|12|wariot3|2015-02-03 00:00:00|2015-03-07 01:03:51|2015-02-02 00:00:00|2015-02-03 00:00:00||17470|System|0|I|1|Y|ANUANU|seattle10|32F|32F658|B6|F|A|||||1922||Salt Lake Support Center|ONGBGB|298.05|22.35|298.05|1000|1|A|4100003|8072||||2125457278||N|QH00AE5U|Y|||||||B6|8072|SLC|ORL|9010001|WEB - B2C / GUEST - USA|2015-01-08 00:00:00|279|QHIP|||||7664|L|P||||||
T|244
I|842166164|B6|12|wariot4|2015-02-03 00:00:00|2015-03-07 01:03:51|2015-02-02 00:00:00|2015-02-03 00:00:00||17470|System|0|I|1|Y|ANUANU|seattle10|32F|32F658|B6|F|A|||||1922||Salt Lake Support Center|ONGBGB|298.05|22.35|298.05|1000|1|A|4100003|8072||||2125457278||N|QH00AE5U|Y|||||||B6|8072|SLC|ORL|9010001|WEB - B2C / GUEST - USA|2015-01-08 00:00:00|279|QHIP|||||7664|L|P||||||
T|245
I|842166164|B6|12|wariot5|2015-02-03 00:00:00|2015-03-07 01:03:51|2015-02-02 00:00:00|2015-02-03 00:00:00||17470|System|0|I|1|Y|ANUANU|seattle10|32F|32F658|B6|F|A|||||1922||Salt Lake Support Center|ONGBGB|298.05|22.35|298.05|1000|1|A|4100003|8072||||2125457278||N|QH00AE5U|Y|||||||B6|8072|SLC|ORL|9010001|WEB - B2C / GUEST - USA|2015-01-08 00:00:00|279|QHIP|||||7664|L|P||||||
T|246
I|842166164|B6|12|wariot6|2015-02-03 00:00:00|2015-03-07 01:03:51|2015-02-02 00:00:00|2015-02-03 00:00:00||17470|System|0|I|1|Y|ANUANU|seattle10|32F|32F658|B6|F|A|||||1922||Salt Lake Support Center|ONGBGB|298.05|22.35|298.05|1000|1|A|4100003|8072||||2125457278||N|QH00AE5U|Y|||||||B6|8072|SLC|ORL|9010001|WEB - B2C / GUEST - USA|2015-01-08 00:00:00|279|QHIP|||||7664|L|P||||||
T|247
I|842166164|B6|12|wariot7|2015-02-03 00:00:00|2015-03-07 01:03:51|2015-02-02 00:00:00|2015-02-03 00:00:00||17470|System|0|I|1|Y|ANUANU|seattle10|32F|32F658|B6|F|A|||||1922||Salt Lake Support Center|ONGBGB|298.05|22.35|298.05|1000|1|A|4100003|8072||||2125457278||N|QH00AE5U|Y|||||||B6|8072|SLC|ORL|9010001|WEB - B2C / GUEST - USA|2015-01-08 00:00:00|279|QHIP|||||7664|L|P||||||
T|248
I|842166164|B6|12|wariot8|2015-02-03 00:00:00|2015-03-07 01:03:51|2015-02-02 00:00:00|2015-02-03 00:00:00||17470|System|0|I|1|Y|ANUANU|seattle10|32F|32F658|B6|F|A|||||1922||Salt Lake Support Center|ONGBGB|298.05|22.35|298.05|1000|1|A|4100003|8072||||2125457278||N|QH00AE5U|Y|||||||B6|8072|SLC|ORL|9010001|WEB - B2C / GUEST - USA|2015-01-08 00:00:00|279|QHIP|||||7664|L|P||||||
T|249
I|842166164|B6|12|wariot9|2015-02-03 00:00:00|2015-03-07 01:03:51|2015-02-02 00:00:00|2015-02-03 00:00:00||17470|System|0|I|1|Y|ANUANU|seattle10|32F|32F658|B6|F|A|||||1922||Salt Lake Support Center|ONGBGB|298.05|22.35|298.05|1000|1|A|4100003|8072||||2125457278||N|QH00AE5U|Y|||||||B6|8072|SLC|ORL|9010001|WEB - B2C / GUEST - USA|2015-01-08 00:00:00|279|QHIP|||||7664|L|P||||||
T|250
