ROW_MARKER|CODE|PARTNER|CHANNEL|CARD_NUMBER|TRANSACTION_DATE|PROCESSING_DATE|BOOKING_DATE|DEPARTURE_DATE|SOURCE_TRANSACTION_NO|BATCH_ID|USER_LOGIN|TRANS_TOTAL_VALUE|TRANSACTION_TYPE|TRANSACTION_STATUS|TARIFF|OND|BOOKING_LOCATION|AIRCRAFT_TYPE|AIRCRAFT_TAIL_NO|AIRLINE_MARKETING_CODE|ONLINE_BOOKING|PAX_TYPE|FEE_CODE|PARTNER_TRN_ID|TRANSACTION_CODE|TRANSACTION_FEE|TRANSACTION_POINTS|PARTNER_POINTS|IATA_LOCATION_CODE|PNR_LOCATOR|BASE_FARE|EXCISE_TAX|DISCOUNT_BASE|DISTANCE|COUPON_NO|AGENT_TYPE|IATA_LOC_NO|FLIGHT_NO|FLIGHT_NO_SUFFIX|OTHER_FFP_PROGRAM_CODE|OTHER_FFP_NO|TICKET_NO|TOUR_CODE|BULK_FARE_INDICATOR|FARE_BASIS|FLOWN_CLASS|TRANSACTION_VALUE|TRASNACTION_REVENUE|ADJUSTED_TRN_ID|CANCELLED_TRN_ID|TRN_EXT01|TRN_EXT02|TRN_EXT03|TRN_EXT04|TRN_EXT05|TRN_EXT06|TRN_EXT07|TRN_EXT08|TRN_EXT09|TRN_EXT10|TRN_EXT11|TRN_EXT12|TRN_EXT13|TRN_EXT14|TRN_EXT15|TRN_EXT16|TRN_EXT17|TRN_EXT18|TRN_EXT19|TRN_EXT20|TRN_EXT21|TRN_EXT22|TRN_EXT23|TRN_EXT24|TRN_EXT25
I|842166164|B6|12|53460|2015-02-03 00:00:00|2015-03-07 01:03:51|2015-02-02 00:00:00|2015-02-03 00:00:00||17470|System|0|I|1|Y|ANCKRK|seattle10|32F|32F658|B6|F|A|||||1922||Salt Lake Support Center|ONGBGB|298.05|22.35|298.05|1000|1|A|4100003|8072||||2125457278||N|QH00AE5U|Y|||||||B6|8072|SLC|ORL|9010001|WEB - B2C / GUEST - USA|2015-01-08 00:00:00|279|QHIP|||||7664|L|P||||||
I|842166164|B6|12|53460|2015-02-03 00:00:00|2015-03-07 01:03:51|2015-02-02 00:00:00|2015-02-03 00:00:00||17470|System|0|I|1|Y|ABQKRK|seattle10|32F|32F658|B6|F|A|||||1922||Salt Lake Support Center|ONGBGB|298.05|22.35|298.05|1000|1|A|4100003|8072||||2125457278||N|QH00AE5U|Y|||||||B6|8072|SLC|ORL|9010001|WEB - B2C / GUEST - USA|2015-01-08 00:00:00|279|QHIP|||||7664|L|P||||||
I|842166164|B6|12|53460|2015-02-03 00:00:00|2015-03-07 01:03:51|2015-02-02 00:00:00|2015-02-03 00:00:00||17470|System|0|I|1|Y|ACKKRK|seattle10|32F|32F658|B6|F|A|||||1922||Salt Lake Support Center|ONGBGB|298.05|22.35|298.05|1000|1|A|4100003|8072||||2125457278||N|QH00AE5U|Y|||||||B6|8072|SLC|ORL|9010001|WEB - B2C / GUEST - USA|2015-01-08 00:00:00|279|QHIP|||||7664|L|P||||||
I|842166164|B6|12|53460|2015-02-03 00:00:00|2015-03-07 01:03:51|2015-02-02 00:00:00|2015-02-03 00:00:00||17470|System|0|I|1|Y|ALBKRK|seattle10|32F|32F658|B6|F|A|||||1922||Salt Lake Support Center|ONGBGB|298.05|22.35|298.05|1000|1|A|4100003|8072||||2125457278||N|QH00AE5U|Y|||||||B6|8072|SLC|ORL|9010001|WEB - B2C / GUEST - USA|2015-01-08 00:00:00|279|QHIP|||||7664|L|P||||||
I|842166164|B6|12|53460|2015-02-03 00:00:00|2015-03-07 01:03:51|2015-02-02 00:00:00|2015-02-03 00:00:00||17470|System|0|I|1|Y|ANUKRK|seattle10|32F|32F658|B6|F|A|||||1922||Salt Lake Support Center|ONGBGB|298.05|22.35|298.05|1000|1|A|4100003|8072||||2125457278||N|QH00AE5U|Y|||||||B6|8072|SLC|ORL|9010001|WEB - B2C / GUEST - USA|2015-01-08 00:00:00|279|QHIP|||||7664|L|P||||||
I|842166164|B6|12|53460|2015-02-03 00:00:00|2015-03-07 01:03:51|2015-02-02 00:00:00|2015-02-03 00:00:00||17470|System|0|I|1|Y|AUAKRK|seattle10|32F|32F658|B6|F|A|||||1922||Salt Lake Support Center|ONGBGB|298.05|22.35|298.05|1000|1|A|4100003|8072||||2125457278||N|QH00AE5U|Y|||||||B6|8072|SLC|ORL|9010001|WEB - B2C / GUEST - USA|2015-01-08 00:00:00|279|QHIP|||||7664|L|P||||||
I|842166164|B6|12|53460|2015-02-03 00:00:00|2015-03-07 01:03:51|2015-02-02 00:00:00|2015-02-03 00:00:00||17470|System|0|I|1|Y|AUSKRK|seattle10|32F|32F658|B6|F|A|||||1922||Salt Lake Support Center|ONGBGB|298.05|22.35|298.05|1000|1|A|4100003|8072||||2125457278||N|QH00AE5U|Y|||||||B6|8072|SLC|ORL|9010001|WEB - B2C / GUEST - USA|2015-01-08 00:00:00|279|QHIP|||||7664|L|P||||||
I|842166164|B6|12|53460|2015-02-03 00:00:00|2015-03-07 01:03:51|2015-02-02 00:00:00|2015-02-03 00:00:00||17470|System|0|I|1|Y|AZSKRK|seattle10|32F|32F658|B6|F|A|||||1922||Salt Lake Support Center|ONGBGB|298.05|22.35|298.05|1000|1|A|4100003|8072||||2125457278||N|QH00AE5U|Y|||||||B6|8072|SLC|ORL|9010001|WEB - B2C / GUEST - USA|2015-01-08 00:00:00|279|QHIP|||||7664|L|P||||||
I|842166164|B6|12|53460|2015-02-03 00:00:00|2015-03-07 01:03:51|2015-02-02 00:00:00|2015-02-03 00:00:00||17470|System|0|I|1|Y|BDAKRK|seattle10|32F|32F658|B6|F|A|||||1922||Salt Lake Support Center|ONGBGB|298.05|22.35|298.05|1000|1|A|4100003|8072||||2125457278||N|QH00AE5U|Y|||||||B6|8072|SLC|ORL|9010001|WEB - B2C / GUEST - USA|2015-01-08 00:00:00|279|QHIP|||||7664|L|P||||||
I|842166164|B6|12|53460|2015-02-03 00:00:00|2015-03-07 01:03:51|2015-02-02 00:00:00|2015-02-03 00:00:00||17470|System|0|I|1|Y|BDLKRK|seattle10|32F|32F658|B6|F|A|||||1922||Salt Lake Support Center|ONGBGB|298.05|22.35|298.05|1000|1|A|4100003|8072||||2125457278||N|QH00AE5U|Y|||||||B6|8072|SLC|ORL|9010001|WEB - B2C / GUEST - USA|2015-01-08 00:00:00|279|QHIP|||||7664|L|P||||||
I|842166164|B6|12|53460|2015-02-03 00:00:00|2015-03-07 01:03:51|2015-02-02 00:00:00|2015-02-03 00:00:00||17470|System|0|I|1|Y|BGIKRK|seattle10|32F|32F658|B6|F|A|||||1922||Salt Lake Support Center|ONGBGB|298.05|22.35|298.05|1000|1|A|4100003|8072||||2125457278||N|QH00AE5U|Y|||||||B6|8072|SLC|ORL|9010001|WEB - B2C / GUEST - USA|2015-01-08 00:00:00|279|QHIP|||||7664|L|P||||||
I|842166164|B6|12|53460|2015-02-03 00:00:00|2015-03-07 01:03:51|2015-02-02 00:00:00|2015-02-03 00:00:00||17470|System|0|I|1|Y|BOGKRK|seattle10|32F|32F658|B6|F|A|||||1922||Salt Lake Support Center|ONGBGB|298.05|22.35|298.05|1000|1|A|4100003|8072||||2125457278||N|QH00AE5U|Y|||||||B6|8072|SLC|ORL|9010001|WEB - B2C / GUEST - USA|2015-01-08 00:00:00|279|QHIP|||||7664|L|P||||||
I|842166164|B6|12|53460|2015-02-03 00:00:00|2015-03-07 01:03:51|2015-02-02 00:00:00|2015-02-03 00:00:00||17470|System|0|I|1|Y|BOSKRK|seattle10|32F|32F658|B6|F|A|||||1922||Salt Lake Support Center|ONGBGB|298.05|22.35|298.05|1000|1|A|4100003|8072||||2125457278||N|QH00AE5U|Y|||||||B6|8072|SLC|ORL|9010001|WEB - B2C / GUEST - USA|2015-01-08 00:00:00|279|QHIP|||||7664|L|P||||||
I|842166164|B6|12|53460|2015-02-03 00:00:00|2015-03-07 01:03:51|2015-02-02 00:00:00|2015-02-03 00:00:00||17470|System|0|I|1|Y|BQNKRK|seattle10|32F|32F658|B6|F|A|||||1922||Salt Lake Support Center|ONGBGB|298.05|22.35|298.05|1000|1|A|4100003|8072||||2125457278||N|QH00AE5U|Y|||||||B6|8072|SLC|ORL|9010001|WEB - B2C / GUEST - USA|2015-01-08 00:00:00|279|QHIP|||||7664|L|P||||||
I|842166164|B6|12|53460|2015-02-03 00:00:00|2015-03-07 01:03:51|2015-02-02 00:00:00|2015-02-03 00:00:00||17470|System|0|I|1|Y|BTVKRK|seattle10|32F|32F658|B6|F|A|||||1922||Salt Lake Support Center|ONGBGB|298.05|22.35|298.05|1000|1|A|4100003|8072||||2125457278||N|QH00AE5U|Y|||||||B6|8072|SLC|ORL|9010001|WEB - B2C / GUEST - USA|2015-01-08 00:00:00|279|QHIP|||||7664|L|P||||||
I|842166164|B6|12|53460|2015-02-03 00:00:00|2015-03-07 01:03:51|2015-02-02 00:00:00|2015-02-03 00:00:00||17470|System|0|I|1|Y|BUFKRK|seattle10|32F|32F658|B6|F|A|||||1922||Salt Lake Support Center|ONGBGB|298.05|22.35|298.05|1000|1|A|4100003|8072||||2125457278||N|QH00AE5U|Y|||||||B6|8072|SLC|ORL|9010001|WEB - B2C / GUEST - USA|2015-01-08 00:00:00|279|QHIP|||||7664|L|P||||||
I|842166164|B6|12|53460|2015-02-03 00:00:00|2015-03-07 01:03:51|2015-02-02 00:00:00|2015-02-03 00:00:00||17470|System|0|I|1|Y|BURKRK|seattle10|32F|32F658|B6|F|A|||||1922||Salt Lake Support Center|ONGBGB|298.05|22.35|298.05|1000|1|A|4100003|8072||||2125457278||N|QH00AE5U|Y|||||||B6|8072|SLC|ORL|9010001|WEB - B2C / GUEST - USA|2015-01-08 00:00:00|279|QHIP|||||7664|L|P||||||
I|842166164|B6|12|53460|2015-02-03 00:00:00|2015-03-07 01:03:51|2015-02-02 00:00:00|2015-02-03 00:00:00||17470|System|0|I|1|Y|BWIKRK|seattle10|32F|32F658|B6|F|A|||||1922||Salt Lake Support Center|ONGBGB|298.05|22.35|298.05|1000|1|A|4100003|8072||||2125457278||N|QH00AE5U|Y|||||||B6|8072|SLC|ORL|9010001|WEB - B2C / GUEST - USA|2015-01-08 00:00:00|279|QHIP|||||7664|L|P||||||
I|842166164|B6|12|53460|2015-02-03 00:00:00|2015-03-07 01:03:51|2015-02-02 00:00:00|2015-02-03 00:00:00||17470|System|0|I|1|Y|CHSKRK|seattle10|32F|32F658|B6|F|A|||||1922||Salt Lake Support Center|ONGBGB|298.05|22.35|298.05|1000|1|A|4100003|8072||||2125457278||N|QH00AE5U|Y|||||||B6|8072|SLC|ORL|9010001|WEB - B2C / GUEST - USA|2015-01-08 00:00:00|279|QHIP|||||7664|L|P||||||
I|842166164|B6|12|53460|2015-02-03 00:00:00|2015-03-07 01:03:51|2015-02-02 00:00:00|2015-02-03 00:00:00||17470|System|0|I|1|Y|CLEKRK|seattle10|32F|32F658|B6|F|A|||||1922||Salt Lake Support Center|ONGBGB|298.05|22.35|298.05|1000|1|A|4100003|8072||||2125457278||N|QH00AE5U|Y|||||||B6|8072|SLC|ORL|9010001|WEB - B2C / GUEST - USA|2015-01-08 00:00:00|279|QHIP|||||7664|L|P||||||
I|842166164|B6|12|53460|2015-02-03 00:00:00|2015-03-07 01:03:51|2015-02-02 00:00:00|2015-02-03 00:00:00||17470|System|0|I|1|Y|CLTKRK|seattle10|32F|32F658|B6|F|A|||||1922||Salt Lake Support Center|ONGBGB|298.05|22.35|298.05|1000|1|A|4100003|8072||||2125457278||N|QH00AE5U|Y|||||||B6|8072|SLC|ORL|9010001|WEB - B2C / GUEST - USA|2015-01-08 00:00:00|279|QHIP|||||7664|L|P||||||
I|842166164|B6|12|53460|2015-02-03 00:00:00|2015-03-07 01:03:51|2015-02-02 00:00:00|2015-02-03 00:00:00||17470|System|0|I|1|Y|CTGKRK|seattle10|32F|32F658|B6|F|A|||||1922||Salt Lake Support Center|ONGBGB|298.05|22.35|298.05|1000|1|A|4100003|8072||||2125457278||N|QH00AE5U|Y|||||||B6|8072|SLC|ORL|9010001|WEB - B2C / GUEST - USA|2015-01-08 00:00:00|279|QHIP|||||7664|L|P||||||
I|842166164|B6|12|53460|2015-02-03 00:00:00|2015-03-07 01:03:51|2015-02-02 00:00:00|2015-02-03 00:00:00||17470|System|0|I|1|Y|CUNKRK|seattle10|32F|32F658|B6|F|A|||||1922||Salt Lake Support Center|ONGBGB|298.05|22.35|298.05|1000|1|A|4100003|8072||||2125457278||N|QH00AE5U|Y|||||||B6|8072|SLC|ORL|9010001|WEB - B2C / GUEST - USA|2015-01-08 00:00:00|279|QHIP|||||7664|L|P||||||
I|842166164|B6|12|53460|2015-02-03 00:00:00|2015-03-07 01:03:51|2015-02-02 00:00:00|2015-02-03 00:00:00||17470|System|0|I|1|Y|CURKRK|seattle10|32F|32F658|B6|F|A|||||1922||Salt Lake Support Center|ONGBGB|298.05|22.35|298.05|1000|1|A|4100003|8072||||2125457278||N|QH00AE5U|Y|||||||B6|8072|SLC|ORL|9010001|WEB - B2C / GUEST - USA|2015-01-08 00:00:00|279|QHIP|||||7664|L|P||||||
I|842166164|B6|12|53460|2015-02-03 00:00:00|2015-03-07 01:03:51|2015-02-02 00:00:00|2015-02-03 00:00:00||17470|System|0|I|1|Y|DCAKRK|seattle10|32F|32F658|B6|F|A|||||1922||Salt Lake Support Center|ONGBGB|298.05|22.35|298.05|1000|1|A|4100003|8072||||2125457278||N|QH00AE5U|Y|||||||B6|8072|SLC|ORL|9010001|WEB - B2C / GUEST - USA|2015-01-08 00:00:00|279|QHIP|||||7664|L|P||||||
I|842166164|B6|12|53460|2015-02-03 00:00:00|2015-03-07 01:03:51|2015-02-02 00:00:00|2015-02-03 00:00:00||17470|System|0|I|1|Y|DENKRK|seattle10|32F|32F658|B6|F|A|||||1922||Salt Lake Support Center|ONGBGB|298.05|22.35|298.05|1000|1|A|4100003|8072||||2125457278||N|QH00AE5U|Y|||||||B6|8072|SLC|ORL|9010001|WEB - B2C / GUEST - USA|2015-01-08 00:00:00|279|QHIP|||||7664|L|P||||||
I|842166164|B6|12|53460|2015-02-03 00:00:00|2015-03-07 01:03:51|2015-02-02 00:00:00|2015-02-03 00:00:00||17470|System|0|I|1|Y|DFWKRK|seattle10|32F|32F658|B6|F|A|||||1922||Salt Lake Support Center|ONGBGB|298.05|22.35|298.05|1000|1|A|4100003|8072||||2125457278||N|QH00AE5U|Y|||||||B6|8072|SLC|ORL|9010001|WEB - B2C / GUEST - USA|2015-01-08 00:00:00|279|QHIP|||||7664|L|P||||||
I|842166164|B6|12|53460|2015-02-03 00:00:00|2015-03-07 01:03:51|2015-02-02 00:00:00|2015-02-03 00:00:00||17470|System|0|I|1|Y|DTWKRK|seattle10|32F|32F658|B6|F|A|||||1922||Salt Lake Support Center|ONGBGB|298.05|22.35|298.05|1000|1|A|4100003|8072||||2125457278||N|QH00AE5U|Y|||||||B6|8072|SLC|ORL|9010001|WEB - B2C / GUEST - USA|2015-01-08 00:00:00|279|QHIP|||||7664|L|P||||||
I|842166164|B6|12|53460|2015-02-03 00:00:00|2015-03-07 01:03:51|2015-02-02 00:00:00|2015-02-03 00:00:00||17470|System|0|I|1|Y|EWRKRK|seattle10|32F|32F658|B6|F|A|||||1922||Salt Lake Support Center|ONGBGB|298.05|22.35|298.05|1000|1|A|4100003|8072||||2125457278||N|QH00AE5U|Y|||||||B6|8072|SLC|ORL|9010001|WEB - B2C / GUEST - USA|2015-01-08 00:00:00|279|QHIP|||||7664|L|P||||||
I|842166164|B6|12|53460|2015-02-03 00:00:00|2015-03-07 01:03:51|2015-02-02 00:00:00|2015-02-03 00:00:00||17470|System|0|I|1|Y|FLLKRK|seattle10|32F|32F658|B6|F|A|||||1922||Salt Lake Support Center|ONGBGB|298.05|22.35|298.05|1000|1|A|4100003|8072||||2125457278||N|QH00AE5U|Y|||||||B6|8072|SLC|ORL|9010001|WEB - B2C / GUEST - USA|2015-01-08 00:00:00|279|QHIP|||||7664|L|P||||||
I|842166164|B6|12|53460|2015-02-03 00:00:00|2015-03-07 01:03:51|2015-02-02 00:00:00|2015-02-03 00:00:00||17470|System|0|I|1|Y|GCMKRK|seattle10|32F|32F658|B6|F|A|||||1922||Salt Lake Support Center|ONGBGB|298.05|22.35|298.05|1000|1|A|4100003|8072||||2125457278||N|QH00AE5U|Y|||||||B6|8072|SLC|ORL|9010001|WEB - B2C / GUEST - USA|2015-01-08 00:00:00|279|QHIP|||||7664|L|P||||||
I|842166164|B6|12|53460|2015-02-03 00:00:00|2015-03-07 01:03:51|2015-02-02 00:00:00|2015-02-03 00:00:00||17470|System|0|I|1|Y|GNDKRK|seattle10|32F|32F658|B6|F|A|||||1922||Salt Lake Support Center|ONGBGB|298.05|22.35|298.05|1000|1|A|4100003|8072||||2125457278||N|QH00AE5U|Y|||||||B6|8072|SLC|ORL|9010001|WEB - B2C / GUEST - USA|2015-01-08 00:00:00|279|QHIP|||||7664|L|P||||||
I|842166164|B6|12|53460|2015-02-03 00:00:00|2015-03-07 01:03:51|2015-02-02 00:00:00|2015-02-03 00:00:00||17470|System|0|I|1|Y|HOUKRK|seattle10|32F|32F658|B6|F|A|||||1922||Salt Lake Support Center|ONGBGB|298.05|22.35|298.05|1000|1|A|4100003|8072||||2125457278||N|QH00AE5U|Y|||||||B6|8072|SLC|ORL|9010001|WEB - B2C / GUEST - USA|2015-01-08 00:00:00|279|QHIP|||||7664|L|P||||||
I|842166164|B6|12|53460|2015-02-03 00:00:00|2015-03-07 01:03:51|2015-02-02 00:00:00|2015-02-03 00:00:00||17470|System|0|I|1|Y|HPNKRK|seattle10|32F|32F658|B6|F|A|||||1922||Salt Lake Support Center|ONGBGB|298.05|22.35|298.05|1000|1|A|4100003|8072||||2125457278||N|QH00AE5U|Y|||||||B6|8072|SLC|ORL|9010001|WEB - B2C / GUEST - USA|2015-01-08 00:00:00|279|QHIP|||||7664|L|P||||||
I|842166164|B6|12|53460|2015-02-03 00:00:00|2015-03-07 01:03:51|2015-02-02 00:00:00|2015-02-03 00:00:00||17470|System|0|I|1|Y|HYAKRK|seattle10|32F|32F658|B6|F|A|||||1922||Salt Lake Support Center|ONGBGB|298.05|22.35|298.05|1000|1|A|4100003|8072||||2125457278||N|QH00AE5U|Y|||||||B6|8072|SLC|ORL|9010001|WEB - B2C / GUEST - USA|2015-01-08 00:00:00|279|QHIP|||||7664|L|P||||||
I|842166164|B6|12|53460|2015-02-03 00:00:00|2015-03-07 01:03:51|2015-02-02 00:00:00|2015-02-03 00:00:00||17470|System|0|I|1|Y|IADKRK|seattle10|32F|32F658|B6|F|A|||||1922||Salt Lake Support Center|ONGBGB|298.05|22.35|298.05|1000|1|A|4100003|8072||||2125457278||N|QH00AE5U|Y|||||||B6|8072|SLC|ORL|9010001|WEB - B2C / GUEST - USA|2015-01-08 00:00:00|279|QHIP|||||7664|L|P||||||
I|842166164|B6|12|53460|2015-02-03 00:00:00|2015-03-07 01:03:51|2015-02-02 00:00:00|2015-02-03 00:00:00||17470|System|0|I|1|Y|JAXKRK|seattle10|32F|32F658|B6|F|A|||||1922||Salt Lake Support Center|ONGBGB|298.05|22.35|298.05|1000|1|A|4100003|8072||||2125457278||N|QH00AE5U|Y|||||||B6|8072|SLC|ORL|9010001|WEB - B2C / GUEST - USA|2015-01-08 00:00:00|279|QHIP|||||7664|L|P||||||
I|842166164|B6|12|53460|2015-02-03 00:00:00|2015-03-07 01:03:51|2015-02-02 00:00:00|2015-02-03 00:00:00||17470|System|0|I|1|Y|JFKKRK|seattle10|32F|32F658|B6|F|A|||||1922||Salt Lake Support Center|ONGBGB|298.05|22.35|298.05|1000|1|A|4100003|8072||||2125457278||N|QH00AE5U|Y|||||||B6|8072|SLC|ORL|9010001|WEB - B2C / GUEST - USA|2015-01-08 00:00:00|279|QHIP|||||7664|L|P||||||
I|842166164|B6|12|53460|2015-02-03 00:00:00|2015-03-07 01:03:51|2015-02-02 00:00:00|2015-02-03 00:00:00||17470|System|0|I|1|Y|KINKRK|seattle10|32F|32F658|B6|F|A|||||1922||Salt Lake Support Center|ONGBGB|298.05|22.35|298.05|1000|1|A|4100003|8072||||2125457278||N|QH00AE5U|Y|||||||B6|8072|SLC|ORL|9010001|WEB - B2C / GUEST - USA|2015-01-08 00:00:00|279|QHIP|||||7664|L|P||||||
I|842166164|B6|12|53460|2015-02-03 00:00:00|2015-03-07 01:03:51|2015-02-02 00:00:00|2015-02-03 00:00:00||17470|System|0|I|1|Y|LASKRK|seattle10|32F|32F658|B6|F|A|||||1922||Salt Lake Support Center|ONGBGB|298.05|22.35|298.05|1000|1|A|4100003|8072||||2125457278||N|QH00AE5U|Y|||||||B6|8072|SLC|ORL|9010001|WEB - B2C / GUEST - USA|2015-01-08 00:00:00|279|QHIP|||||7664|L|P||||||
I|842166164|B6|12|53460|2015-02-03 00:00:00|2015-03-07 01:03:51|2015-02-02 00:00:00|2015-02-03 00:00:00||17470|System|0|I|1|Y|LAXKRK|seattle10|32F|32F658|B6|F|A|||||1922||Salt Lake Support Center|ONGBGB|298.05|22.35|298.05|1000|1|A|4100003|8072||||2125457278||N|QH00AE5U|Y|||||||B6|8072|SLC|ORL|9010001|WEB - B2C / GUEST - USA|2015-01-08 00:00:00|279|QHIP|||||7664|L|P||||||
I|842166164|B6|12|53460|2015-02-03 00:00:00|2015-03-07 01:03:51|2015-02-02 00:00:00|2015-02-03 00:00:00||17470|System|0|I|1|Y|LGAKRK|seattle10|32F|32F658|B6|F|A|||||1922||Salt Lake Support Center|ONGBGB|298.05|22.35|298.05|1000|1|A|4100003|8072||||2125457278||N|QH00AE5U|Y|||||||B6|8072|SLC|ORL|9010001|WEB - B2C / GUEST - USA|2015-01-08 00:00:00|279|QHIP|||||7664|L|P||||||
I|842166164|B6|12|53460|2015-02-03 00:00:00|2015-03-07 01:03:51|2015-02-02 00:00:00|2015-02-03 00:00:00||17470|System|0|I|1|Y|LGBKRK|seattle10|32F|32F658|B6|F|A|||||1922||Salt Lake Support Center|ONGBGB|298.05|22.35|298.05|1000|1|A|4100003|8072||||2125457278||N|QH00AE5U|Y|||||||B6|8072|SLC|ORL|9010001|WEB - B2C / GUEST - USA|2015-01-08 00:00:00|279|QHIP|||||7664|L|P||||||
I|842166164|B6|12|53460|2015-02-03 00:00:00|2015-03-07 01:03:51|2015-02-02 00:00:00|2015-02-03 00:00:00||17470|System|0|I|1|Y|LIMKRK|seattle10|32F|32F658|B6|F|A|||||1922||Salt Lake Support Center|ONGBGB|298.05|22.35|298.05|1000|1|A|4100003|8072||||2125457278||N|QH00AE5U|Y|||||||B6|8072|SLC|ORL|9010001|WEB - B2C / GUEST - USA|2015-01-08 00:00:00|279|QHIP|||||7664|L|P||||||
I|842166164|B6|12|53460|2015-02-03 00:00:00|2015-03-07 01:03:51|2015-02-02 00:00:00|2015-02-03 00:00:00||17470|System|0|I|1|Y|LIRKRK|seattle10|32F|32F658|B6|F|A|||||1922||Salt Lake Support Center|ONGBGB|298.05|22.35|298.05|1000|1|A|4100003|8072||||2125457278||N|QH00AE5U|Y|||||||B6|8072|SLC|ORL|9010001|WEB - B2C / GUEST - USA|2015-01-08 00:00:00|279|QHIP|||||7664|L|P||||||
I|842166164|B6|12|53460|2015-02-03 00:00:00|2015-03-07 01:03:51|2015-02-02 00:00:00|2015-02-03 00:00:00||17470|System|0|I|1|Y|LRMKRK|seattle10|32F|32F658|B6|F|A|||||1922||Salt Lake Support Center|ONGBGB|298.05|22.35|298.05|1000|1|A|4100003|8072||||2125457278||N|QH00AE5U|Y|||||||B6|8072|SLC|ORL|9010001|WEB - B2C / GUEST - USA|2015-01-08 00:00:00|279|QHIP|||||7664|L|P||||||
I|842166164|B6|12|53460|2015-02-03 00:00:00|2015-03-07 01:03:51|2015-02-02 00:00:00|2015-02-03 00:00:00||17470|System|0|I|1|Y|MBJKRK|seattle10|32F|32F658|B6|F|A|||||1922||Salt Lake Support Center|ONGBGB|298.05|22.35|298.05|1000|1|A|4100003|8072||||2125457278||N|QH00AE5U|Y|||||||B6|8072|SLC|ORL|9010001|WEB - B2C / GUEST - USA|2015-01-08 00:00:00|279|QHIP|||||7664|L|P||||||
I|842166164|B6|12|53460|2015-02-03 00:00:00|2015-03-07 01:03:51|2015-02-02 00:00:00|2015-02-03 00:00:00||17470|System|0|I|1|Y|MCOKRK|seattle10|32F|32F658|B6|F|A|||||1922||Salt Lake Support Center|ONGBGB|298.05|22.35|298.05|1000|1|A|4100003|8072||||2125457278||N|QH00AE5U|Y|||||||B6|8072|SLC|ORL|9010001|WEB - B2C / GUEST - USA|2015-01-08 00:00:00|279|QHIP|||||7664|L|P||||||
I|842166164|B6|12|53460|2015-02-03 00:00:00|2015-03-07 01:03:51|2015-02-02 00:00:00|2015-02-03 00:00:00||17470|System|0|I|1|Y|MDEKRK|seattle10|32F|32F658|B6|F|A|||||1922||Salt Lake Support Center|ONGBGB|298.05|22.35|298.05|1000|1|A|4100003|8072||||2125457278||N|QH00AE5U|Y|||||||B6|8072|SLC|ORL|9010001|WEB - B2C / GUEST - USA|2015-01-08 00:00:00|279|QHIP|||||7664|L|P||||||
I|842166164|B6|12|53460|2015-02-03 00:00:00|2015-03-07 01:03:51|2015-02-02 00:00:00|2015-02-03 00:00:00||17470|System|0|I|1|Y|MEXKRK|seattle10|32F|32F658|B6|F|A|||||1922||Salt Lake Support Center|ONGBGB|298.05|22.35|298.05|1000|1|A|4100003|8072||||2125457278||N|QH00AE5U|Y|||||||B6|8072|SLC|ORL|9010001|WEB - B2C / GUEST - USA|2015-01-08 00:00:00|279|QHIP|||||7664|L|P||||||
I|842166164|B6|12|53460|2015-02-03 00:00:00|2015-03-07 01:03:51|2015-02-02 00:00:00|2015-02-03 00:00:00||17470|System|0|I|1|Y|MSYKRK|seattle10|32F|32F658|B6|F|A|||||1922||Salt Lake Support Center|ONGBGB|298.05|22.35|298.05|1000|1|A|4100003|8072||||2125457278||N|QH00AE5U|Y|||||||B6|8072|SLC|ORL|9010001|WEB - B2C / GUEST - USA|2015-01-08 00:00:00|279|QHIP|||||7664|L|P||||||
I|842166164|B6|12|53460|2015-02-03 00:00:00|2015-03-07 01:03:51|2015-02-02 00:00:00|2015-02-03 00:00:00||17470|System|0|I|1|Y|MVYKRK|seattle10|32F|32F658|B6|F|A|||||1922||Salt Lake Support Center|ONGBGB|298.05|22.35|298.05|1000|1|A|4100003|8072||||2125457278||N|QH00AE5U|Y|||||||B6|8072|SLC|ORL|9010001|WEB - B2C / GUEST - USA|2015-01-08 00:00:00|279|QHIP|||||7664|L|P||||||
I|842166164|B6|12|53460|2015-02-03 00:00:00|2015-03-07 01:03:51|2015-02-02 00:00:00|2015-02-03 00:00:00||17470|System|0|I|1|Y|NASKRK|seattle10|32F|32F658|B6|F|A|||||1922||Salt Lake Support Center|ONGBGB|298.05|22.35|298.05|1000|1|A|4100003|8072||||2125457278||N|QH00AE5U|Y|||||||B6|8072|SLC|ORL|9010001|WEB - B2C / GUEST - USA|2015-01-08 00:00:00|279|QHIP|||||7664|L|P||||||
I|842166164|B6|12|53460|2015-02-03 00:00:00|2015-03-07 01:03:51|2015-02-02 00:00:00|2015-02-03 00:00:00||17470|System|0|I|1|Y|OAKKRK|seattle10|32F|32F658|B6|F|A|||||1922||Salt Lake Support Center|ONGBGB|298.05|22.35|298.05|1000|1|A|4100003|8072||||2125457278||N|QH00AE5U|Y|||||||B6|8072|SLC|ORL|9010001|WEB - B2C / GUEST - USA|2015-01-08 00:00:00|279|QHIP|||||7664|L|P||||||
I|842166164|B6|12|53460|2015-02-03 00:00:00|2015-03-07 01:03:51|2015-02-02 00:00:00|2015-02-03 00:00:00||17470|System|0|I|1|Y|ORDKRK|seattle10|32F|32F658|B6|F|A|||||1922||Salt Lake Support Center|ONGBGB|298.05|22.35|298.05|1000|1|A|4100003|8072||||2125457278||N|QH00AE5U|Y|||||||B6|8072|SLC|ORL|9010001|WEB - B2C / GUEST - USA|2015-01-08 00:00:00|279|QHIP|||||7664|L|P||||||
I|842166164|B6|12|53460|2015-02-03 00:00:00|2015-03-07 01:03:51|2015-02-02 00:00:00|2015-02-03 00:00:00||17470|System|0|I|1|Y|ORHKRK|seattle10|32F|32F658|B6|F|A|||||1922||Salt Lake Support Center|ONGBGB|298.05|22.35|298.05|1000|1|A|4100003|8072||||2125457278||N|QH00AE5U|Y|||||||B6|8072|SLC|ORL|9010001|WEB - B2C / GUEST - USA|2015-01-08 00:00:00|279|QHIP|||||7664|L|P||||||
I|842166164|B6|12|53460|2015-02-03 00:00:00|2015-03-07 01:03:51|2015-02-02 00:00:00|2015-02-03 00:00:00||17470|System|0|I|1|Y|PAPKRK|seattle10|32F|32F658|B6|F|A|||||1922||Salt Lake Support Center|ONGBGB|298.05|22.35|298.05|1000|1|A|4100003|8072||||2125457278||N|QH00AE5U|Y|||||||B6|8072|SLC|ORL|9010001|WEB - B2C / GUEST - USA|2015-01-08 00:00:00|279|QHIP|||||7664|L|P||||||
I|842166164|B6|12|53460|2015-02-03 00:00:00|2015-03-07 01:03:51|2015-02-02 00:00:00|2015-02-03 00:00:00||17470|System|0|I|1|Y|PBIKRK|seattle10|32F|32F658|B6|F|A|||||1922||Salt Lake Support Center|ONGBGB|298.05|22.35|298.05|1000|1|A|4100003|8072||||2125457278||N|QH00AE5U|Y|||||||B6|8072|SLC|ORL|9010001|WEB - B2C / GUEST - USA|2015-01-08 00:00:00|279|QHIP|||||7664|L|P||||||
I|842166164|B6|12|53460|2015-02-03 00:00:00|2015-03-07 01:03:51|2015-02-02 00:00:00|2015-02-03 00:00:00||17470|System|0|I|1|Y|PDXKRK|seattle10|32F|32F658|B6|F|A|||||1922||Salt Lake Support Center|ONGBGB|298.05|22.35|298.05|1000|1|A|4100003|8072||||2125457278||N|QH00AE5U|Y|||||||B6|8072|SLC|ORL|9010001|WEB - B2C / GUEST - USA|2015-01-08 00:00:00|279|QHIP|||||7664|L|P||||||
I|842166164|B6|12|53460|2015-02-03 00:00:00|2015-03-07 01:03:51|2015-02-02 00:00:00|2015-02-03 00:00:00||17470|System|0|I|1|Y|PHLKRK|seattle10|32F|32F658|B6|F|A|||||1922||Salt Lake Support Center|ONGBGB|298.05|22.35|298.05|1000|1|A|4100003|8072||||2125457278||N|QH00AE5U|Y|||||||B6|8072|SLC|ORL|9010001|WEB - B2C / GUEST - USA|2015-01-08 00:00:00|279|QHIP|||||7664|L|P||||||
I|842166164|B6|12|53460|2015-02-03 00:00:00|2015-03-07 01:03:51|2015-02-02 00:00:00|2015-02-03 00:00:00||17470|System|0|I|1|Y|PHXKRK|seattle10|32F|32F658|B6|F|A|||||1922||Salt Lake Support Center|ONGBGB|298.05|22.35|298.05|1000|1|A|4100003|8072||||2125457278||N|QH00AE5U|Y|||||||B6|8072|SLC|ORL|9010001|WEB - B2C / GUEST - USA|2015-01-08 00:00:00|279|QHIP|||||7664|L|P||||||
I|842166164|B6|12|53460|2015-02-03 00:00:00|2015-03-07 01:03:51|2015-02-02 00:00:00|2015-02-03 00:00:00||17470|System|0|I|1|Y|PITKRK|seattle10|32F|32F658|B6|F|A|||||1922||Salt Lake Support Center|ONGBGB|298.05|22.35|298.05|1000|1|A|4100003|8072||||2125457278||N|QH00AE5U|Y|||||||B6|8072|SLC|ORL|9010001|WEB - B2C / GUEST - USA|2015-01-08 00:00:00|279|QHIP|||||7664|L|P||||||
I|842166164|B6|12|53460|2015-02-03 00:00:00|2015-03-07 01:03:51|2015-02-02 00:00:00|2015-02-03 00:00:00||17470|System|0|I|1|Y|PLSKRK|seattle10|32F|32F658|B6|F|A|||||1922||Salt Lake Support Center|ONGBGB|298.05|22.35|298.05|1000|1|A|4100003|8072||||2125457278||N|QH00AE5U|Y|||||||B6|8072|SLC|ORL|9010001|WEB - B2C / GUEST - USA|2015-01-08 00:00:00|279|QHIP|||||7664|L|P||||||
I|842166164|B6|12|53460|2015-02-03 00:00:00|2015-03-07 01:03:51|2015-02-02 00:00:00|2015-02-03 00:00:00||17470|System|0|I|1|Y|POPKRK|seattle10|32F|32F658|B6|F|A|||||1922||Salt Lake Support Center|ONGBGB|298.05|22.35|298.05|1000|1|A|4100003|8072||||2125457278||N|QH00AE5U|Y|||||||B6|8072|SLC|ORL|9010001|WEB - B2C / GUEST - USA|2015-01-08 00:00:00|279|QHIP|||||7664|L|P||||||
I|842166164|B6|12|53460|2015-02-03 00:00:00|2015-03-07 01:03:51|2015-02-02 00:00:00|2015-02-03 00:00:00||17470|System|0|I|1|Y|POSKRK|seattle10|32F|32F658|B6|F|A|||||1922||Salt Lake Support Center|ONGBGB|298.05|22.35|298.05|1000|1|A|4100003|8072||||2125457278||N|QH00AE5U|Y|||||||B6|8072|SLC|ORL|9010001|WEB - B2C / GUEST - USA|2015-01-08 00:00:00|279|QHIP|||||7664|L|P||||||
I|842166164|B6|12|53460|2015-02-03 00:00:00|2015-03-07 01:03:51|2015-02-02 00:00:00|2015-02-03 00:00:00||17470|System|0|I|1|Y|PSEKRK|seattle10|32F|32F658|B6|F|A|||||1922||Salt Lake Support Center|ONGBGB|298.05|22.35|298.05|1000|1|A|4100003|8072||||2125457278||N|QH00AE5U|Y|||||||B6|8072|SLC|ORL|9010001|WEB - B2C / GUEST - USA|2015-01-08 00:00:00|279|QHIP|||||7664|L|P||||||
I|842166164|B6|12|53460|2015-02-03 00:00:00|2015-03-07 01:03:51|2015-02-02 00:00:00|2015-02-03 00:00:00||17470|System|0|I|1|Y|PSPKRK|seattle10|32F|32F658|B6|F|A|||||1922||Salt Lake Support Center|ONGBGB|298.05|22.35|298.05|1000|1|A|4100003|8072||||2125457278||N|QH00AE5U|Y|||||||B6|8072|SLC|ORL|9010001|WEB - B2C / GUEST - USA|2015-01-08 00:00:00|279|QHIP|||||7664|L|P||||||
I|842166164|B6|12|53460|2015-02-03 00:00:00|2015-03-07 01:03:51|2015-02-02 00:00:00|2015-02-03 00:00:00||17470|System|0|I|1|Y|PUJKRK|seattle10|32F|32F658|B6|F|A|||||1922||Salt Lake Support Center|ONGBGB|298.05|22.35|298.05|1000|1|A|4100003|8072||||2125457278||N|QH00AE5U|Y|||||||B6|8072|SLC|ORL|9010001|WEB - B2C / GUEST - USA|2015-01-08 00:00:00|279|QHIP|||||7664|L|P||||||
I|842166164|B6|12|53460|2015-02-03 00:00:00|2015-03-07 01:03:51|2015-02-02 00:00:00|2015-02-03 00:00:00||17470|System|0|I|1|Y|PVDKRK|seattle10|32F|32F658|B6|F|A|||||1922||Salt Lake Support Center|ONGBGB|298.05|22.35|298.05|1000|1|A|4100003|8072||||2125457278||N|QH00AE5U|Y|||||||B6|8072|SLC|ORL|9010001|WEB - B2C / GUEST - USA|2015-01-08 00:00:00|279|QHIP|||||7664|L|P||||||
I|842166164|B6|12|53460|2015-02-03 00:00:00|2015-03-07 01:03:51|2015-02-02 00:00:00|2015-02-03 00:00:00||17470|System|0|I|1|Y|PWMKRK|seattle10|32F|32F658|B6|F|A|||||1922||Salt Lake Support Center|ONGBGB|298.05|22.35|298.05|1000|1|A|4100003|8072||||2125457278||N|QH00AE5U|Y|||||||B6|8072|SLC|ORL|9010001|WEB - B2C / GUEST - USA|2015-01-08 00:00:00|279|QHIP|||||7664|L|P||||||
I|842166164|B6|12|53460|2015-02-03 00:00:00|2015-03-07 01:03:51|2015-02-02 00:00:00|2015-02-03 00:00:00||17470|System|0|I|1|Y|RDUKRK|seattle10|32F|32F658|B6|F|A|||||1922||Salt Lake Support Center|ONGBGB|298.05|22.35|298.05|1000|1|A|4100003|8072||||2125457278||N|QH00AE5U|Y|||||||B6|8072|SLC|ORL|9010001|WEB - B2C / GUEST - USA|2015-01-08 00:00:00|279|QHIP|||||7664|L|P||||||
I|842166164|B6|12|53460|2015-02-03 00:00:00|2015-03-07 01:03:51|2015-02-02 00:00:00|2015-02-03 00:00:00||17470|System|0|I|1|Y|RICKRK|seattle10|32F|32F658|B6|F|A|||||1922||Salt Lake Support Center|ONGBGB|298.05|22.35|298.05|1000|1|A|4100003|8072||||2125457278||N|QH00AE5U|Y|||||||B6|8072|SLC|ORL|9010001|WEB - B2C / GUEST - USA|2015-01-08 00:00:00|279|QHIP|||||7664|L|P||||||
I|842166164|B6|12|53460|2015-02-03 00:00:00|2015-03-07 01:03:51|2015-02-02 00:00:00|2015-02-03 00:00:00||17470|System|0|I|1|Y|RNOKRK|seattle10|32F|32F658|B6|F|A|||||1922||Salt Lake Support Center|ONGBGB|298.05|22.35|298.05|1000|1|A|4100003|8072||||2125457278||N|QH00AE5U|Y|||||||B6|8072|SLC|ORL|9010001|WEB - B2C / GUEST - USA|2015-01-08 00:00:00|279|QHIP|||||7664|L|P||||||
I|842166164|B6|12|53460|2015-02-03 00:00:00|2015-03-07 01:03:51|2015-02-02 00:00:00|2015-02-03 00:00:00||17470|System|0|I|1|Y|ROCKRK|seattle10|32F|32F658|B6|F|A|||||1922||Salt Lake Support Center|ONGBGB|298.05|22.35|298.05|1000|1|A|4100003|8072||||2125457278||N|QH00AE5U|Y|||||||B6|8072|SLC|ORL|9010001|WEB - B2C / GUEST - USA|2015-01-08 00:00:00|279|QHIP|||||7664|L|P||||||
I|842166164|B6|12|53460|2015-02-03 00:00:00|2015-03-07 01:03:51|2015-02-02 00:00:00|2015-02-03 00:00:00||17470|System|0|I|1|Y|RSWKRK|seattle10|32F|32F658|B6|F|A|||||1922||Salt Lake Support Center|ONGBGB|298.05|22.35|298.05|1000|1|A|4100003|8072||||2125457278||N|QH00AE5U|Y|||||||B6|8072|SLC|ORL|9010001|WEB - B2C / GUEST - USA|2015-01-08 00:00:00|279|QHIP|||||7664|L|P||||||
I|842166164|B6|12|53460|2015-02-03 00:00:00|2015-03-07 01:03:51|2015-02-02 00:00:00|2015-02-03 00:00:00||17470|System|0|I|1|Y|SANKRK|seattle10|32F|32F658|B6|F|A|||||1922||Salt Lake Support Center|ONGBGB|298.05|22.35|298.05|1000|1|A|4100003|8072||||2125457278||N|QH00AE5U|Y|||||||B6|8072|SLC|ORL|9010001|WEB - B2C / GUEST - USA|2015-01-08 00:00:00|279|QHIP|||||7664|L|P||||||
I|842166164|B6|12|53460|2015-02-03 00:00:00|2015-03-07 01:03:51|2015-02-02 00:00:00|2015-02-03 00:00:00||17470|System|0|I|1|Y|SAVKRK|seattle10|32F|32F658|B6|F|A|||||1922||Salt Lake Support Center|ONGBGB|298.05|22.35|298.05|1000|1|A|4100003|8072||||2125457278||N|QH00AE5U|Y|||||||B6|8072|SLC|ORL|9010001|WEB - B2C / GUEST - USA|2015-01-08 00:00:00|279|QHIP|||||7664|L|P||||||
I|842166164|B6|12|53460|2015-02-03 00:00:00|2015-03-07 01:03:51|2015-02-02 00:00:00|2015-02-03 00:00:00||17470|System|0|I|1|Y|SDQKRK|seattle10|32F|32F658|B6|F|A|||||1922||Salt Lake Support Center|ONGBGB|298.05|22.35|298.05|1000|1|A|4100003|8072||||2125457278||N|QH00AE5U|Y|||||||B6|8072|SLC|ORL|9010001|WEB - B2C / GUEST - USA|2015-01-08 00:00:00|279|QHIP|||||7664|L|P||||||
I|842166164|B6|12|53460|2015-02-03 00:00:00|2015-03-07 01:03:51|2015-02-02 00:00:00|2015-02-03 00:00:00||17470|System|0|I|1|Y|SEAKRK|seattle10|32F|32F658|B6|F|A|||||1922||Salt Lake Support Center|ONGBGB|298.05|22.35|298.05|1000|1|A|4100003|8072||||2125457278||N|QH00AE5U|Y|||||||B6|8072|SLC|ORL|9010001|WEB - B2C / GUEST - USA|2015-01-08 00:00:00|279|QHIP|||||7664|L|P||||||
I|842166164|B6|12|53460|2015-02-03 00:00:00|2015-03-07 01:03:51|2015-02-02 00:00:00|2015-02-03 00:00:00||17470|System|0|I|1|Y|SFOKRK|seattle10|32F|32F658|B6|F|A|||||1922||Salt Lake Support Center|ONGBGB|298.05|22.35|298.05|1000|1|A|4100003|8072||||2125457278||N|QH00AE5U|Y|||||||B6|8072|SLC|ORL|9010001|WEB - B2C / GUEST - USA|2015-01-08 00:00:00|279|QHIP|||||7664|L|P||||||
I|842166164|B6|12|53460|2015-02-03 00:00:00|2015-03-07 01:03:51|2015-02-02 00:00:00|2015-02-03 00:00:00||17470|System|0|I|1|Y|SJCKRK|seattle10|32F|32F658|B6|F|A|||||1922||Salt Lake Support Center|ONGBGB|298.05|22.35|298.05|1000|1|A|4100003|8072||||2125457278||N|QH00AE5U|Y|||||||B6|8072|SLC|ORL|9010001|WEB - B2C / GUEST - USA|2015-01-08 00:00:00|279|QHIP|||||7664|L|P||||||
I|842166164|B6|12|53460|2015-02-03 00:00:00|2015-03-07 01:03:51|2015-02-02 00:00:00|2015-02-03 00:00:00||17470|System|0|I|1|Y|SJOKRK|seattle10|32F|32F658|B6|F|A|||||1922||Salt Lake Support Center|ONGBGB|298.05|22.35|298.05|1000|1|A|4100003|8072||||2125457278||N|QH00AE5U|Y|||||||B6|8072|SLC|ORL|9010001|WEB - B2C / GUEST - USA|2015-01-08 00:00:00|279|QHIP|||||7664|L|P||||||
I|842166164|B6|12|53460|2015-02-03 00:00:00|2015-03-07 01:03:51|2015-02-02 00:00:00|2015-02-03 00:00:00||17470|System|0|I|1|Y|SJUKRK|seattle10|32F|32F658|B6|F|A|||||1922||Salt Lake Support Center|ONGBGB|298.05|22.35|298.05|1000|1|A|4100003|8072||||2125457278||N|QH00AE5U|Y|||||||B6|8072|SLC|ORL|9010001|WEB - B2C / GUEST - USA|2015-01-08 00:00:00|279|QHIP|||||7664|L|P||||||
I|842166164|B6|12|53460|2015-02-03 00:00:00|2015-03-07 01:03:51|2015-02-02 00:00:00|2015-02-03 00:00:00||17470|System|0|I|1|Y|SLCKRK|seattle10|32F|32F658|B6|F|A|||||1922||Salt Lake Support Center|ONGBGB|298.05|22.35|298.05|1000|1|A|4100003|8072||||2125457278||N|QH00AE5U|Y|||||||B6|8072|SLC|ORL|9010001|WEB - B2C / GUEST - USA|2015-01-08 00:00:00|279|QHIP|||||7664|L|P||||||
I|842166164|B6|12|53460|2015-02-03 00:00:00|2015-03-07 01:03:51|2015-02-02 00:00:00|2015-02-03 00:00:00||17470|System|0|I|1|Y|SMFKRK|seattle10|32F|32F658|B6|F|A|||||1922||Salt Lake Support Center|ONGBGB|298.05|22.35|298.05|1000|1|A|4100003|8072||||2125457278||N|QH00AE5U|Y|||||||B6|8072|SLC|ORL|9010001|WEB - B2C / GUEST - USA|2015-01-08 00:00:00|279|QHIP|||||7664|L|P||||||
I|842166164|B6|12|53460|2015-02-03 00:00:00|2015-03-07 01:03:51|2015-02-02 00:00:00|2015-02-03 00:00:00||17470|System|0|I|1|Y|SRQKRK|seattle10|32F|32F658|B6|F|A|||||1922||Salt Lake Support Center|ONGBGB|298.05|22.35|298.05|1000|1|A|4100003|8072||||2125457278||N|QH00AE5U|Y|||||||B6|8072|SLC|ORL|9010001|WEB - B2C / GUEST - USA|2015-01-08 00:00:00|279|QHIP|||||7664|L|P||||||
I|842166164|B6|12|53460|2015-02-03 00:00:00|2015-03-07 01:03:51|2015-02-02 00:00:00|2015-02-03 00:00:00||17470|System|0|I|1|Y|STIKRK|seattle10|32F|32F658|B6|F|A|||||1922||Salt Lake Support Center|ONGBGB|298.05|22.35|298.05|1000|1|A|4100003|8072||||2125457278||N|QH00AE5U|Y|||||||B6|8072|SLC|ORL|9010001|WEB - B2C / GUEST - USA|2015-01-08 00:00:00|279|QHIP|||||7664|L|P||||||
I|842166164|B6|12|53460|2015-02-03 00:00:00|2015-03-07 01:03:51|2015-02-02 00:00:00|2015-02-03 00:00:00||17470|System|0|I|1|Y|STTKRK|seattle10|32F|32F658|B6|F|A|||||1922||Salt Lake Support Center|ONGBGB|298.05|22.35|298.05|1000|1|A|4100003|8072||||2125457278||N|QH00AE5U|Y|||||||B6|8072|SLC|ORL|9010001|WEB - B2C / GUEST - USA|2015-01-08 00:00:00|279|QHIP|||||7664|L|P||||||
I|842166164|B6|12|53460|2015-02-03 00:00:00|2015-03-07 01:03:51|2015-02-02 00:00:00|2015-02-03 00:00:00||17470|System|0|I|1|Y|STXKRK|seattle10|32F|32F658|B6|F|A|||||1922||Salt Lake Support Center|ONGBGB|298.05|22.35|298.05|1000|1|A|4100003|8072||||2125457278||N|QH00AE5U|Y|||||||B6|8072|SLC|ORL|9010001|WEB - B2C / GUEST - USA|2015-01-08 00:00:00|279|QHIP|||||7664|L|P||||||
I|842166164|B6|12|53460|2015-02-03 00:00:00|2015-03-07 01:03:51|2015-02-02 00:00:00|2015-02-03 00:00:00||17470|System|0|I|1|Y|SWFKRK|seattle10|32F|32F658|B6|F|A|||||1922||Salt Lake Support Center|ONGBGB|298.05|22.35|298.05|1000|1|A|4100003|8072||||2125457278||N|QH00AE5U|Y|||||||B6|8072|SLC|ORL|9010001|WEB - B2C / GUEST - USA|2015-01-08 00:00:00|279|QHIP|||||7664|L|P||||||
I|842166164|B6|12|53460|2015-02-03 00:00:00|2015-03-07 01:03:51|2015-02-02 00:00:00|2015-02-03 00:00:00||17470|System|0|I|1|Y|SXMKRK|seattle10|32F|32F658|B6|F|A|||||1922||Salt Lake Support Center|ONGBGB|298.05|22.35|298.05|1000|1|A|4100003|8072||||2125457278||N|QH00AE5U|Y|||||||B6|8072|SLC|ORL|9010001|WEB - B2C / GUEST - USA|2015-01-08 00:00:00|279|QHIP|||||7664|L|P||||||
I|842166164|B6|12|53460|2015-02-03 00:00:00|2015-03-07 01:03:51|2015-02-02 00:00:00|2015-02-03 00:00:00||17470|System|0|I|1|Y|SYRKRK|seattle10|32F|32F658|B6|F|A|||||1922||Salt Lake Support Center|ONGBGB|298.05|22.35|298.05|1000|1|A|4100003|8072||||2125457278||N|QH00AE5U|Y|||||||B6|8072|SLC|ORL|9010001|WEB - B2C / GUEST - USA|2015-01-08 00:00:00|279|QHIP|||||7664|L|P||||||
I|842166164|B6|12|53460|2015-02-03 00:00:00|2015-03-07 01:03:51|2015-02-02 00:00:00|2015-02-03 00:00:00||17470|System|0|I|1|Y|TPAKRK|seattle10|32F|32F658|B6|F|A|||||1922||Salt Lake Support Center|ONGBGB|298.05|22.35|298.05|1000|1|A|4100003|8072||||2125457278||N|QH00AE5U|Y|||||||B6|8072|SLC|ORL|9010001|WEB - B2C / GUEST - USA|2015-01-08 00:00:00|279|QHIP|||||7664|L|P||||||
I|842166164|B6|12|53460|2015-02-03 00:00:00|2015-03-07 01:03:51|2015-02-02 00:00:00|2015-02-03 00:00:00||17470|System|0|I|1|Y|UVFKRK|seattle10|32F|32F658|B6|F|A|||||1922||Salt Lake Support Center|ONGBGB|298.05|22.35|298.05|1000|1|A|4100003|8072||||2125457278||N|QH00AE5U|Y|||||||B6|8072|SLC|ORL|9010001|WEB - B2C / GUEST - USA|2015-01-08 00:00:00|279|QHIP|||||7664|L|P||||||
T|94
